Step,Point,Load_Mult,Tap Violations,Voltage Violations,Reg Changed,Tap Changed,Reward,Regulator States,creg1a,creg2a,creg3a,creg3c,creg4a,creg4b,creg4c,
1,8,0.8,0,0,creg4a,-13,-255.49734925174658,,0,0,0,0,-13,0,0,
2,8,0.8,0,0,creg4a,-13,-242.49828023886417,,0,0,0,0,-13,0,0,
3,8,0.8,0,0,creg4a,-13,-242.4982874901167,,0,0,0,0,-13,0,0,
4,8,0.8,0,0,creg4a,-13,-242.4982875468962,,0,0,0,0,-13,0,0,
5,8,0.8,0,0,creg4a,-11,-245.3741258054162,,0,0,0,0,-11,0,0,
6,8,0.8,0,0,creg4a,-11,-243.37494516458025,,0,0,0,0,-11,0,0,
7,8,0.8,0,0,creg4a,-11,-243.37496245676866,,0,0,0,0,-11,0,0,
8,8,0.8,0,0,creg3c,-1,-243.37438876140698,,0,0,0,-1,-11,0,0,
9,8,0.8,0,0,creg4c,-2,-245.27186414955656,,0,0,0,-1,-11,0,-2,
10,8,0.8,0,0,creg4c,-2,-243.27523798248802,,0,0,0,-1,-11,0,-2,
11,8,0.8,0,0,creg4c,-2,-243.27526294464377,,0,0,0,-1,-11,0,-2,
12,8,0.8,0,0,creg4c,-2,-243.2752631149337,,0,0,0,-1,-11,0,-2,
13,8,0.8,0,0,creg4b,13,-381.368277622194,,0,0,0,-1,-11,13,-2,
14,8,0.8,0,0,creg1a,11,-582.0440154138707,,11,0,0,-1,-11,13,-2,
15,8,0.8,0,0,creg4a,7,-675.5978925268045,,11,0,0,-1,7,13,-2,
16,8,0.8,0,0,creg4a,7,-657.5975559430952,,11,0,0,-1,7,13,-2,
17,8,0.8,0,0,creg4c,9,-806.9410113299107,,11,0,0,-1,7,13,9,
18,8,0.8,0,0,creg4c,9,-795.9411364311801,,11,0,0,-1,7,13,9,
19,8,0.8,0,0,creg4c,9,-795.9411379931344,,11,0,0,-1,7,13,9,
20,8,0.8,0,0,creg4c,9,-795.9411379968215,,11,0,0,-1,7,13,9,
21,8,0.8,0,0,creg3c,5,-822.0107594507125,,11,0,0,5,7,13,9,
22,8,0.8,0,0,creg4b,5,-817.887554847628,,11,0,0,5,7,5,9,
23,8,0.8,0,0,creg2a,-14,-823.5761413666045,,11,-14,0,5,7,5,9,
24,8,0.8,0,0,creg2a,4,-843.9972101868925,,11,4,0,5,7,5,9,
25,8,0.8,0,0,creg4b,14,-841.4054952139242,,11,4,0,5,7,14,9,
26,8,0.8,0,0,creg4a,13,-841.4074072455805,,11,4,0,5,13,14,9,
27,8,0.8,0,0,creg1a,7,-524.8809829331809,,7,4,0,5,13,14,9,
28,8,0.8,0,0,creg4b,14,-520.8826742944432,,7,4,0,5,13,14,9,
29,8,0.8,0,0,creg2a,-1,-525.7645563833983,,7,-1,0,5,13,14,9,
30,8,0.8,0,0,creg2a,-1,-520.765152016704,,7,-1,0,5,13,14,9,
31,8,0.8,0,0,creg2a,-1,-520.7651528785076,,7,-1,0,5,13,14,9,
32,8,0.8,0,0,creg2a,-1,-520.7651528798859,,7,-1,0,5,13,14,9,
33,8,0.8,0,0,creg4c,-6,-390.2682797937954,,7,-1,0,5,13,14,-6,
34,8,0.8,0,0,creg4c,-6,-375.2693352557067,,7,-1,0,5,13,14,-6,
35,8,0.8,0,0,creg4c,-6,-375.2693419880103,,7,-1,0,5,13,14,-6,
36,8,0.8,0,0,creg4c,-6,-375.2693420326109,,7,-1,0,5,13,14,-6,
37,8,0.8,0,0,creg1a,-2,-474.7523698959895,,-2,-1,0,5,13,14,-6,
38,8,0.8,0,0,creg1a,-2,-465.7548074799915,,-2,-1,0,5,13,14,-6,
39,8,0.8,0,0,creg1a,-2,-465.75482633921774,,-2,-1,0,5,13,14,-6,
40,8,0.8,0,0,creg1a,-2,-465.7548264917974,,-2,-1,0,5,13,14,-6,
41,8,0.8,0,0,creg4c,5,-330.1068614306877,,-2,-1,0,5,13,14,5,
42,8,0.8,0,0,creg4c,8,-322.1732380667083,,-2,-1,0,5,13,14,8,
43,8,0.8,0,0,creg4c,8,-319.1734791675052,,-2,-1,0,5,13,14,8,
44,8,0.8,0,0,creg4c,8,-319.17348622564066,,-2,-1,0,5,13,14,8,
45,8,0.8,0,0,creg3c,-12,-355.95904614739624,,-2,-1,0,-12,13,14,8,
46,8,0.8,0,0,creg4a,-6,-509.4880038058135,,-2,-1,0,-12,-6,14,8,
47,8,0.8,0,0,creg1a,7,-398.09041330575695,,7,-1,0,-12,-6,14,8,
48,8,0.8,0,0,creg4b,3,-337.30316937692504,,7,-1,0,-12,-6,3,8,
49,8,0.8,0,0,creg4b,15,-401.3678511679482,,7,-1,0,-12,-6,15,8,
50,8,0.8,0,0,creg1a,10,-540.7342864990258,,10,-1,0,-12,-6,15,8,
51,8,0.8,0,0,creg4a,9,-727.5234675399859,,10,-1,0,-12,9,15,8,
52,8,0.8,0,0,creg4a,9,-712.5232945090086,,10,-1,0,-12,9,15,8,
53,8,0.8,0,0,creg3a,-7,-719.4220492178957,,10,-1,-7,-12,9,15,8,
54,8,0.8,0,0,creg4c,-1,-579.6487656378496,,10,-1,-7,-12,9,15,-1,
55,8,0.8,0,0,creg4b,-16,-573.0605358296112,,10,-1,-7,-12,9,-16,-1,
56,8,0.8,0,0,creg4b,-16,-542.0600023681403,,10,-1,-7,-12,9,-16,-1,
57,8,0.8,0,0,creg1a,10,-542.0599992087426,,10,-1,-7,-12,9,-16,-1,
58,8,0.8,0,0,creg4c,-2,-542.014778261429,,10,-1,-7,-12,9,-16,-2,
59,8,0.8,0,0,creg1a,2,-257.7571708858045,,2,-1,-7,-12,9,-16,-2,
60,8,0.8,0,0,creg2a,-7,-271.6201859135533,,2,-7,-7,-12,9,-16,-2,
61,8,0.8,0,0,creg1a,1,-265.8085235759297,,1,-7,-7,-12,9,-16,-2,
62,8,0.8,0,0,creg3a,9,-266.1099522222136,,1,-7,9,-12,9,-16,-2,
63,8,0.8,0,0,creg3a,-11,-285.69569497521,,1,-7,-11,-12,9,-16,-2,
64,8,0.8,0,0,creg1a,-14,-1194.456896469804,,-14,-7,-11,-12,9,-16,-2,
65,8,0.8,0,0,creg1a,-14,-1179.457529357184,,-14,-7,-11,-12,9,-16,-2,
66,8,0.8,0,0,creg4a,7,-1180.493964273854,,-14,-7,-11,-12,7,-16,-2,
67,8,0.8,0,0,creg3a,5,-1194.8846386327587,,-14,-7,5,-12,7,-16,-2,
68,8,0.8,0,0,creg3a,15,-1173.1257600250378,,-14,-7,15,-12,7,-16,-2,
69,8,0.8,0,0,creg4c,2,-1168.181538678476,,-14,-7,15,-12,7,-16,2,
70,8,0.8,0,0,creg3c,16,-1172.6273428087127,,-14,-7,15,16,7,-16,2,
71,8,0.8,0,0,creg3a,14,-1144.6142780905332,,-14,-7,14,16,7,-16,2,
72,8,0.8,0,0,creg3a,9,-1165.4939318527713,,-14,-7,9,16,7,-16,2,
73,8,0.8,0,0,creg3a,10,-1160.5203633044046,,-14,-7,10,16,7,-16,2,
74,8,0.8,0,0,creg4a,0,-1160.5203541529384,,-14,-7,10,16,7,-16,2,
75,8,0.8,0,0,creg1a,13,-898.2341549124355,,13,-7,10,16,7,-16,2,
76,8,0.8,0,0,creg3a,-12,-876.784027334521,,13,-7,-12,16,7,-16,2,
77,8,0.8,0,0,creg1a,-1,-280.1347923173538,,-1,-7,-12,16,7,-16,2,
78,8,0.8,0,0,creg3c,0,-266.13936635671064,,-1,-7,-12,16,7,-16,2,
79,8,0.8,0,0,creg1a,-1,-266.13937539105837,,-1,-7,-12,16,7,-16,2,
80,8,0.8,0,0,creg4b,-11,-272.2308681793021,,-1,-7,-12,16,7,-11,2,
81,8,0.8,0,0,creg1a,-1,-267.2315915141065,,-1,-7,-12,16,7,-11,2,
82,8,0.8,0,0,creg2a,1,-259.42879480226804,,-1,1,-12,16,7,-11,2,
83,8,0.8,0,0,creg1a,-1,-251.42900779768058,,-1,1,-12,16,7,-11,2,
84,8,0.8,0,0,creg4a,-13,-420.55670459784625,,-1,1,-12,16,-13,-11,2,
85,8,0.8,0,0,creg1a,2,-404.29115131324016,,2,1,-12,16,-13,-11,2,
86,8,0.8,0,0,creg4a,9,-272.9903848566521,,2,1,-12,16,9,-11,2,
87,8,0.8,0,0,creg4c,10,-263.25497415911525,,2,1,-12,16,9,-11,10,
88,8,0.8,0,0,creg4a,3,-264.81257215893953,,2,1,-12,16,3,-11,10,
89,8,0.8,0,0,creg2a,14,-288.1464229430529,,2,14,-12,16,3,-11,10,
90,8,0.8,0,0,creg3a,-1,-270.4259400800811,,2,14,-1,16,3,-11,10,
91,8,0.8,0,0,creg4c,5,-256.22902978604134,,2,14,-1,16,3,-11,5,
92,8,0.8,0,0,creg4b,-15,-254.35655246292322,,2,14,-1,16,3,-15,5,
93,8,0.8,0,0,creg4a,4,-250.45661786262775,,2,14,-1,16,4,-15,5,
94,8,0.8,0,0,creg4a,3,-250.3521209069283,,2,14,-1,16,3,-15,5,
95,8,0.8,0,0,creg4a,14,-398.7635353251535,,2,14,-1,16,14,-15,5,
96,8,0.8,0,0,creg3c,-12,-415.5217500223964,,2,14,-1,-12,14,-15,5,
97,8,0.8,0,0,creg3a,10,-398.68195252213303,,2,14,10,-12,14,-15,5,
98,8,0.8,0,0,creg4b,4,-280.47284550199805,,2,14,10,-12,14,4,5,
99,8,0.8,0,0,creg2a,3,-256.1901512775834,,2,3,10,-12,14,4,5,
100,8,0.8,0,0,creg1a,-6,-574.207392925261,,-6,3,10,-12,14,4,5,
101,8,0.8,0,0,creg3a,-7,-598.8057459826753,,-6,3,-7,-12,14,4,5,
102,8,0.8,0,0,creg4b,5,-581.8448472097557,,-6,3,-7,-12,14,5,5,
103,8,0.8,0,0,creg4a,6,-637.148224420336,,-6,3,-7,-12,6,5,5,
104,8,0.8,0,0,creg3a,16,-640.6278991709339,,-6,3,16,-12,6,5,5,
105,8,0.8,0,0,creg1a,-4,-416.0111778769965,,-4,3,16,-12,6,5,5,
106,8,0.8,0,0,creg1a,-12,-1179.6372161254665,,-12,3,16,-12,6,5,5,
107,8,0.8,0,0,creg2a,9,-1161.7815589945124,,-12,9,16,-12,6,5,5,
108,8,0.8,0,0,creg1a,6,-285.55948316858473,,6,9,16,-12,6,5,5,
109,8,0.8,0,0,creg3c,-1,-258.59911133049076,,6,9,16,-1,6,5,5,
110,8,0.8,0,0,creg4c,16,-405.3475079356727,,6,9,16,-1,6,5,16,
111,8,0.8,0,0,creg4a,-13,-565.661921156191,,6,9,16,-1,-13,5,16,
112,8,0.8,0,0,creg1a,6,-546.664425154995,,6,9,16,-1,-13,5,16,
113,8,0.8,0,0,creg4a,-2,-404.7243110923685,,6,9,16,-1,-2,5,16,
114,8,0.8,0,0,creg4c,6,-317.1452161056686,,6,9,16,-1,-2,5,6,
115,8,0.8,0,0,creg3a,-5,-311.7011587187181,,6,9,-5,-1,-2,5,6,
116,8,0.8,0,0,creg3c,11,-322.7869058082701,,6,9,-5,11,-2,5,6,
117,8,0.8,0,0,creg4a,-12,-489.99594752810117,,6,9,-5,11,-12,5,6,
118,8,0.8,0,0,creg2a,-1,-473.75603223762835,,6,-1,-5,11,-12,5,6,
119,8,0.8,0,0,creg4a,-14,-468.89587815637185,,6,-1,-5,11,-14,5,6,
120,8,0.8,0,0,creg4a,14,-429.7697854212943,,6,-1,-5,11,14,5,6,
121,8,0.8,0,0,creg4b,-4,-286.0862444853994,,6,-1,-5,11,14,-4,6,
122,8,0.8,0,0,creg4b,-5,-277.0549656113203,,6,-1,-5,11,14,-5,6,
123,8,0.8,0,0,creg4b,10,-445.96736245381,,6,-1,-5,11,14,10,6,
124,8,0.8,0,0,creg4b,3,-296.4071066432153,,6,-1,-5,11,14,3,6,
125,8,0.8,0,0,creg4c,-12,-458.1220110964598,,6,-1,-5,11,14,3,-12,
126,8,0.8,0,0,creg1a,-16,-1203.8465014778878,,-16,-1,-5,11,14,3,-12,
127,8,0.8,0,0,creg4b,5,-1184.3248571028894,,-16,-1,-5,11,14,5,-12,
128,8,0.8,0,0,creg4c,-10,-1184.731252170574,,-16,-1,-5,11,14,5,-10,
129,8,0.8,0,0,creg4c,9,-1206.3797039710466,,-16,-1,-5,11,14,5,9,
130,8,0.8,0,0,creg1a,8,-563.5853122361891,,8,-1,-5,11,14,5,9,
131,8,0.8,0,0,creg1a,8,-539.5850427389356,,8,-1,-5,11,14,5,9,
132,8,0.8,0,0,creg4b,14,-550.8962836913832,,8,-1,-5,11,14,14,9,
133,8,0.8,0,0,creg3a,8,-571.1191274973056,,8,-1,8,11,14,14,9,
134,8,0.8,0,0,creg1a,-13,-1025.6664970807358,,-13,-1,8,11,14,14,9,
135,8,0.8,0,0,creg3a,2,-1010.505018174535,,-13,-1,2,11,14,14,9,
136,8,0.8,0,0,creg4a,11,-1050.1096892872522,,-13,-1,2,11,11,14,9,
137,8,0.8,0,0,creg3a,8,-1053.2685963140998,,-13,-1,8,11,11,14,9,
138,8,0.8,0,0,creg3c,-14,-1091.8099852094808,,-13,-1,8,-14,11,14,9,
139,8,0.8,0,0,creg3c,9,-1090.239887309832,,-13,-1,8,9,11,14,9,
140,8,0.8,0,0,creg4b,-11,-1211.658682847275,,-13,-1,8,9,11,-11,9,
141,8,0.8,0,0,creg4c,-1,-1193.8253763822304,,-13,-1,8,9,11,-11,-1,
142,8,0.8,0,0,creg3c,-14,-1206.4006226644399,,-13,-1,8,-14,11,-11,-1,
143,8,0.8,0,0,creg3c,-2,-1195.6123804113824,,-13,-1,8,-2,11,-11,-1,
144,8,0.8,0,0,creg3a,-12,-1203.1053142118224,,-13,-1,-12,-2,11,-11,-1,
145,8,0.8,0,0,creg4b,1,-1197.6550623759672,,-13,-1,-12,-2,11,1,-1,
146,8,0.8,0,0,creg1a,4,-232.33026121011846,,4,-1,-12,-2,11,1,-1,
147,8,0.8,0,0,creg1a,15,-1182.122865914116,,15,-1,-12,-2,11,1,-1,
148,8,0.8,0,0,creg1a,-15,-1213.1675023525863,,-15,-1,-12,-2,11,1,-1,
149,8,0.8,0,0,creg4a,-5,-1192.1616560807379,,-15,-1,-12,-2,-5,1,-1,
150,8,0.8,0,0,creg4c,16,-1053.5085764539374,,-15,-1,-12,-2,-5,1,16,
151,8,0.8,0,0,creg1a,1,-423.6110246936524,,1,-1,-12,-2,-5,1,16,
152,8,0.8,0,0,creg4c,12,-402.5109477803993,,1,-1,-12,-2,-5,1,12,
153,8,0.8,0,0,creg4a,8,-245.63046677320403,,1,-1,-12,-2,8,1,12,
154,8,0.8,0,0,creg4a,-12,-419.52837107683905,,1,-1,-12,-2,-12,1,12,
155,8,0.8,0,0,creg3c,8,-409.5244807415222,,1,-1,-12,8,-12,1,12,
156,8,0.8,0,0,creg1a,4,-407.261833205582,,4,-1,-12,8,-12,1,12,
157,8,0.8,0,0,creg4b,13,-546.0882950201344,,4,-1,-12,8,-12,13,12,
158,8,0.8,0,0,creg4a,-10,-532.9376780105268,,4,-1,-12,8,-10,13,12,
159,8,0.8,0,0,creg4a,-4,-407.4316854108148,,4,-1,-12,8,-4,13,12,
160,8,0.8,0,0,creg3c,-16,-445.27820110862416,,4,-1,-12,-16,-4,13,12,
161,8,0.8,0,0,creg3c,10,-447.464331059887,,4,-1,-12,10,-4,13,12,
162,8,0.8,0,0,creg4c,14,-423.99768961269433,,4,-1,-12,10,-4,13,14,
163,8,0.8,0,0,creg4c,-13,-461.59246070744496,,4,-1,-12,10,-4,13,-13,
164,8,0.8,0,0,creg3c,-13,-457.4689662082895,,4,-1,-12,-13,-4,13,-13,
165,8,0.8,0,0,creg4c,-2,-290.93368794890944,,4,-1,-12,-13,-4,13,-2,
166,8,0.8,0,0,creg4c,16,-440.40928598135866,,4,-1,-12,-13,-4,13,16,
167,8,0.8,0,0,creg3c,-13,-422.40999069409156,,4,-1,-12,-13,-4,13,16,
168,8,0.8,0,0,creg4c,-5,-300.87170920350684,,4,-1,-12,-13,-4,13,-5,
169,8,0.8,0,0,creg2a,-1,-279.8712688351517,,4,-1,-12,-13,-4,13,-5,
170,8,0.8,0,0,creg4b,2,-160.990866853557,,4,-1,-12,-13,-4,2,-5,
171,8,0.8,0,0,creg4b,7,-279.49686924920246,,4,-1,-12,-13,-4,7,-5,
172,8,0.8,0,0,creg4c,5,-284.75657418048695,,4,-1,-12,-13,-4,7,5,
173,8,0.8,0,0,creg4a,14,-427.1862818420316,,4,-1,-12,-13,14,7,5,
174,8,0.8,0,0,creg4a,3,-262.2091422784,,4,-1,-12,-13,3,7,5,
175,8,0.8,0,0,creg4a,2,-251.14463753942474,,4,-1,-12,-13,2,7,5,
176,8,0.8,0,0,creg2a,9,-277.39723766692833,,4,9,-12,-13,2,7,5,
177,8,0.8,0,0,creg1a,-4,-584.5590692189631,,-4,9,-12,-13,2,7,5,
178,8,0.8,0,0,creg3a,11,-588.0656150112087,,-4,9,11,-13,2,7,5,
179,8,0.8,0,0,creg3a,-1,-592.8558187440321,,-4,9,-1,-13,2,7,5,
180,8,0.8,0,0,creg4c,5,-580.8557641206943,,-4,9,-1,-13,2,7,5,
181,8,0.8,0,0,creg2a,-16,-617.283037491859,,-4,-16,-1,-13,2,7,5,
182,8,0.8,0,0,creg4b,-9,-734.259241569225,,-4,-16,-1,-13,2,-9,5,
183,8,0.8,0,0,creg3a,-2,-718.2286183602027,,-4,-16,-2,-13,2,-9,5,
184,8,0.8,0,0,creg4a,-14,-719.098035754613,,-4,-16,-2,-13,-14,-9,5,
185,8,0.8,0,0,creg4a,16,-610.1908544302123,,-4,-16,-2,-13,16,-9,5,
186,8,0.8,0,0,creg4a,8,-579.3951427512276,,-4,-16,-2,-13,8,-9,5,
187,8,0.8,0,0,creg3a,-15,-584.0413289641809,,-4,-16,-15,-13,8,-9,5,
188,8,0.8,0,0,creg3a,-14,-571.065860833923,,-4,-16,-14,-13,8,-9,5,
189,8,0.8,0,0,creg4c,15,-569.4652514671404,,-4,-16,-14,-13,8,-9,15,
190,8,0.8,0,0,creg4c,-6,-729.9627229621269,,-4,-16,-14,-13,8,-9,-6,
191,8,0.8,0,0,creg2a,16,-725.733365730875,,-4,16,-14,-13,8,-9,-6,
192,8,0.8,0,0,creg4c,-11,-697.4837388846274,,-4,16,-14,-13,8,-9,-11,
193,8,0.8,0,0,creg4a,-16,-850.9385237350504,,-4,16,-14,-13,-16,-9,-11,
194,8,0.8,0,0,creg2a,14,-828.8968655469349,,-4,14,-14,-13,-16,-9,-11,
195,8,0.8,0,0,creg1a,13,-718.4512235138618,,13,14,-14,-13,-16,-9,-11,
196,8,0.8,0,0,creg3c,-11,-703.4507652847924,,13,14,-14,-11,-16,-9,-11,
197,8,0.8,0,0,creg4c,-12,-701.4191591823006,,13,14,-14,-11,-16,-9,-12,
198,8,0.8,0,0,creg3a,15,-747.0487773203216,,13,14,15,-11,-16,-9,-12,
199,8,0.8,0,0,creg4a,14,-744.4133902694377,,13,14,15,-11,14,-9,-12,
200,8,0.8,0,0,creg3c,9,-754.5848470531142,,13,14,15,9,14,-9,-12,
201,8,0.8,0,0,creg4a,8,-737.4480775326691,,13,14,15,9,8,-9,-12,
202,8,0.8,0,0,creg3a,11,-735.3201111524479,,13,14,11,9,8,-9,-12,
203,8,0.8,0,0,creg1a,-5,-734.4842071142153,,-5,14,11,9,8,-9,-12,
204,8,0.8,0,0,creg4b,12,-612.3887866972958,,-5,14,11,9,8,12,-12,
205,8,0.8,0,0,creg4c,-1,-608.9351856124456,,-5,14,11,9,8,12,-1,
206,8,0.8,0,0,creg2a,-1,-628.5796477051504,,-5,-1,11,9,8,12,-1,
207,8,0.8,0,0,creg4b,-7,-762.3835993830816,,-5,-1,11,9,8,-7,-1,
208,8,0.8,0,0,creg3c,7,-745.3851197043525,,-5,-1,11,7,8,-7,-1,
209,8,0.8,0,0,creg3c,2,-748.3871994242692,,-5,-1,11,2,8,-7,-1,
210,8,0.8,0,0,creg3c,4,-745.386198807126,,-5,-1,11,4,8,-7,-1,
211,8,0.8,0,0,creg3c,15,-754.3818806829514,,-5,-1,11,15,8,-7,-1,
212,8,0.8,0,0,creg3c,-15,-785.0647684123271,,-5,-1,11,-15,8,-7,-1,
213,8,0.8,0,0,creg4a,-3,-917.9302082265581,,-5,-1,11,-15,-3,-7,-1,
214,8,0.8,0,0,creg4a,-10,-914.8500969364105,,-5,-1,11,-15,-10,-7,-1,
215,8,0.8,0,0,creg3a,-13,-955.3399975353933,,-5,-1,-13,-15,-10,-7,-1,
216,8,0.8,0,0,creg1a,4,-288.15414675881306,,4,-1,-13,-15,-10,-7,-1,
217,8,0.8,0,0,creg4c,15,-441.54772484583,,4,-1,-13,-15,-10,-7,15,
218,8,0.8,0,0,creg4a,-7,-429.877675600522,,4,-1,-13,-15,-7,-7,15,
219,8,0.8,0,0,creg3a,-2,-422.1251434586151,,4,-1,-2,-15,-7,-7,15,
220,8,0.8,0,0,creg4c,-7,-310.5812790047197,,4,-1,-2,-15,-7,-7,-7,
221,8,0.8,0,0,creg2a,-12,-315.33258273328863,,4,-12,-2,-15,-7,-7,-7,
222,8,0.8,0,0,creg4b,7,-439.13276269236053,,4,-12,-2,-15,-7,7,-7,
223,8,0.8,0,0,creg1a,-1,-460.46795081357936,,-1,-12,-2,-15,-7,7,-7,
224,8,0.8,0,0,creg3c,4,-454.7071007317736,,-1,-12,-2,4,-7,7,-7,
225,8,0.8,0,0,creg3a,-13,-446.3997164079081,,-1,-12,-13,4,-7,7,-7,
226,8,0.8,0,0,creg4c,3,-286.98534958520673,,-1,-12,-13,4,-7,7,3,
227,8,0.8,0,0,creg3a,-1,-277.3151144659712,,-1,-12,-1,4,-7,7,3,
228,8,0.8,0,0,creg4b,-11,-401.28381292390975,,-1,-12,-1,4,-7,-11,3,
229,8,0.8,0,0,creg4a,9,-247.61551782997208,,-1,-12,-1,4,9,-11,3,
230,8,0.8,0,0,creg1a,1,-233.10767732463853,,1,-12,-1,4,9,-11,3,
231,8,0.8,0,0,creg1a,-13,-1197.3245130430803,,-13,-12,-1,4,9,-11,3,
232,8,0.8,0,0,creg3a,4,-1188.4529303736638,,-13,-12,4,4,9,-11,3,
233,8,0.8,0,0,creg4a,-11,-1194.9122064684616,,-13,-12,4,4,-11,-11,3,
234,8,0.8,0,0,creg1a,1,-395.94745082033626,,1,-12,4,4,-11,-11,3,
235,8,0.8,0,0,creg1a,-6,-933.7030174669468,,-6,-12,4,4,-11,-11,3,
236,8,0.8,0,0,creg4b,10,-774.9745173200571,,-6,-12,4,4,-11,10,3,
237,8,0.8,0,0,creg2a,8,-754.4039152415434,,-6,8,4,4,-11,10,3,
238,8,0.8,0,0,creg2a,-16,-777.8905080819261,,-6,-16,4,4,-11,10,3,
239,8,0.8,0,0,creg1a,7,-398.094649660055,,7,-16,4,4,-11,10,3,
240,8,0.8,0,0,creg1a,-6,-766.8895219399893,,-6,-16,4,4,-11,10,3,
241,8,0.8,0,0,creg2a,1,-767.2646794883474,,-6,1,4,4,-11,10,3,
242,8,0.8,0,0,creg4a,-9,-753.083966346874,,-6,1,4,4,-9,10,3,
243,8,0.8,0,0,creg1a,-2,-336.83362712454857,,-2,1,4,4,-9,10,3,
244,8,0.8,0,0,creg1a,-14,-1159.6457806987485,,-14,1,4,4,-9,10,3,
245,8,0.8,0,0,creg1a,-11,-1061.489809873335,,-11,1,4,4,-9,10,3,
246,8,0.8,0,0,creg1a,-13,-1058.6262974135245,,-13,1,4,4,-9,10,3,
247,8,0.8,0,0,creg2a,-3,-1060.5454598997571,,-13,-3,4,4,-9,10,3,
248,8,0.8,0,0,creg4b,9,-1112.4549114573704,,-13,-3,4,4,-9,9,3,
249,8,0.8,0,0,creg3c,-5,-1121.2886055887343,,-13,-3,4,-5,-9,9,3,
250,8,0.8,0,0,creg3a,-8,-1128.007111742666,,-13,-3,-8,-5,-9,9,3,
251,8,0.8,0,0,creg4a,3,-1080.8271447633413,,-13,-3,-8,-5,3,9,3,
252,8,0.8,0,0,creg3c,11,-1065.1168572310562,,-13,-3,-8,11,3,9,3,
253,8,0.8,0,0,creg1a,0,-1049.116918726044,,-13,-3,-8,11,3,9,3,
254,8,0.8,0,0,creg3c,-5,-1084.826348876869,,-13,-3,-8,-5,3,9,3,
255,8,0.8,0,0,creg4b,15,-1067.2191506964195,,-13,-3,-8,-5,3,15,3,
256,8,0.8,0,0,creg3a,-13,-1066.10354337769,,-13,-3,-13,-5,3,15,3,
257,8,0.8,0,0,creg1a,10,-587.8686067486133,,10,-3,-13,-5,3,15,3,
258,8,0.8,0,0,creg3c,-8,-567.8664228368807,,10,-3,-13,-8,3,15,3,
259,8,0.8,0,0,creg3a,0,-564.8662232372546,,10,-3,-13,-8,3,15,3,
260,8,0.8,0,0,creg3a,8,-586.2639097912211,,10,-3,8,-8,3,15,3,
261,8,0.8,0,0,creg4b,-6,-437.9408517733913,,10,-3,8,-8,3,-6,3,
262,8,0.8,0,0,creg4a,1,-418.782658279407,,10,-3,8,-8,1,-6,3,
263,8,0.8,0,0,creg4c,-13,-444.07349988595837,,10,-3,8,-8,1,-6,-13,
264,8,0.8,0,0,creg4b,-10,-419.90037511721846,,10,-3,8,-8,1,-10,-13,
265,8,0.8,0,0,creg4a,9,-618.1588705290485,,10,-3,8,-8,9,-10,-13,
266,8,0.8,0,0,creg4a,10,-610.6296289936502,,10,-3,8,-8,10,-10,-13,
267,8,0.8,0,0,creg4b,-9,-610.6643449770876,,10,-3,8,-8,10,-9,-13,
268,8,0.8,0,0,creg3c,11,-649.8193030000366,,10,-3,8,11,10,-9,-13,
269,8,0.8,0,0,creg4c,-2,-490.26660065491205,,10,-3,8,11,10,-9,-2,
270,8,0.8,0,0,creg3a,-4,-475.0279458171141,,10,-3,-4,11,10,-9,-2,
271,8,0.8,0,0,creg4a,4,-314.52453924116946,,10,-3,-4,11,4,-9,-2,
272,8,0.8,0,0,creg2a,1,-312.6211328595295,,10,1,-4,11,4,-9,-2,
273,8,0.8,0,0,creg4c,15,-513.5459290624474,,10,1,-4,11,4,-9,15,
274,8,0.8,0,0,creg3a,-10,-506.46389140464794,,10,1,-10,11,4,-9,15,
275,8,0.8,0,0,creg4b,-8,-488.4936171978469,,10,1,-10,11,4,-8,15,
276,8,0.8,0,0,creg3c,-5,-484.32650943368833,,10,1,-10,-5,4,-8,15,
277,8,0.8,0,0,creg4b,-12,-492.2232309712246,,10,1,-10,-5,4,-12,15,
278,8,0.8,0,0,creg3c,-1,-492.2219114409901,,10,1,-10,-1,4,-12,15,
279,8,0.8,0,0,creg4c,16,-488.56573204924985,,10,1,-10,-1,4,-12,16,
280,8,0.8,0,0,creg1a,3,-383.10674157451854,,3,1,-10,-1,4,-12,16,
281,8,0.8,0,0,creg4c,-3,-249.00937056721017,,3,1,-10,-1,4,-12,-3,
282,8,0.8,0,0,creg2a,4,-233.0789650342411,,3,4,-10,-1,4,-12,-3,
283,8,0.8,0,0,creg4c,-1,-232.12081937802742,,3,4,-10,-1,4,-12,-1,
284,8,0.8,0,0,creg3c,12,-263.1646061108884,,3,4,-10,12,4,-12,-1,
285,8,0.8,0,0,creg4b,1,-140.2776429995696,,3,4,-10,12,4,1,-1,
286,8,0.8,0,0,creg4a,0,-127.27692888036913,,3,4,-10,12,4,1,-1,
287,8,0.8,0,0,creg3a,-10,-127.27691125189489,,3,4,-10,12,4,1,-1,
288,8,0.8,0,0,creg4b,11,-262.54067733686486,,3,4,-10,12,4,11,-1,
289,8,0.8,0,0,creg1a,11,-639.9328912799602,,11,4,-10,12,4,11,-1,
290,8,0.8,0,0,creg4b,7,-638.8560371190001,,11,4,-10,12,4,7,-1,
291,8,0.8,0,0,creg2a,-5,-627.6277151088196,,11,-5,-10,12,4,7,-1,
292,8,0.8,0,0,creg4a,0,-618.6283469196825,,11,-5,-10,12,4,7,-1,
293,8,0.8,0,0,creg4b,1,-627.1484690776216,,11,-5,-10,12,4,1,-1,
294,8,0.8,0,0,creg4c,-8,-619.9808150478755,,11,-5,-10,12,4,1,-8,
295,8,0.8,0,0,creg4b,-11,-516.127020697588,,11,-5,-10,12,4,-11,-8,
296,8,0.8,0,0,creg2a,12,-537.5827437541675,,11,12,-10,12,4,-11,-8,
297,8,0.8,0,0,creg3c,-1,-513.3794005851456,,11,12,-10,-1,4,-11,-8,
298,8,0.8,0,0,creg3c,10,-531.5435150255851,,11,12,-10,10,4,-11,-8,
299,8,0.8,0,0,creg3c,-12,-522.3834107260084,,11,12,-10,-12,4,-11,-8,
300,8,0.8,0,0,creg4c,11,-670.50366801405,,11,12,-10,-12,4,-11,11,
301,8,0.8,0,0,creg3c,-11,-651.5036196257806,,11,12,-10,-11,4,-11,11,
302,8,0.8,0,0,creg3a,16,-694.0803410487171,,11,12,16,-11,4,-11,11,
303,8,0.8,0,0,creg3a,-12,-679.4752187700974,,11,12,-12,-11,4,-11,11,
304,8,0.8,0,0,creg2a,-4,-651.0543528647509,,11,-4,-12,-11,4,-11,11,
305,8,0.8,0,0,creg4b,12,-777.6634603500664,,11,-4,-12,-11,4,12,11,
306,8,0.8,0,0,creg2a,4,-778.8649145491238,,11,4,-12,-11,4,12,11,
307,8,0.8,0,0,creg3a,-6,-776.9505377632705,,11,4,-6,-11,4,12,11,
308,8,0.8,0,0,creg4b,10,-772.3969864339783,,11,4,-6,-11,4,10,11,
309,8,0.8,0,0,creg4a,-8,-673.2169240132982,,11,4,-6,-11,-8,10,11,
310,8,0.8,0,0,creg4b,13,-665.0763377294188,,11,4,-6,-11,-8,13,11,
311,8,0.8,0,0,creg4c,-1,-531.4084411467065,,11,4,-6,-11,-8,13,-1,
312,8,0.8,0,0,creg2a,-9,-520.0821782702598,,11,-9,-6,-11,-8,13,-1,
313,8,0.8,0,0,creg4b,13,-507.0830950085755,,11,-9,-6,-11,-8,13,-1,
314,8,0.8,0,0,creg4c,1,-637.2404234584793,,11,-9,-6,-11,-8,13,1,
315,8,0.8,0,0,creg1a,12,-751.476639321869,,12,-9,-6,-11,-8,13,1,
316,8,0.8,0,0,creg4b,0,-751.472350587949,,12,-9,-6,-11,-8,13,1,
317,8,0.8,0,0,creg3a,9,-782.8067159839042,,12,-9,9,-11,-8,13,1,
318,8,0.8,0,0,creg4b,-16,-656.3318369287592,,12,-9,9,-11,-8,-16,1,
319,8,0.8,0,0,creg2a,-3,-633.4686879841682,,12,-3,9,-11,-8,-16,1,
320,8,0.8,0,0,creg4c,-14,-461.7881339364198,,12,-3,9,-11,-8,-16,-14,
321,8,0.8,0,0,creg4c,-13,-434.81282406733095,,12,-3,9,-11,-8,-16,-13,
322,8,0.8,0,0,creg4a,-3,-440.15047537422174,,12,-3,9,-11,-3,-16,-13,
323,8,0.8,0,0,creg3c,-13,-437.1489341396989,,12,-3,9,-13,-3,-16,-13,
324,8,0.8,0,0,creg4c,-14,-451.12049685586646,,12,-3,9,-13,-3,-16,-14,
325,8,0.8,0,0,creg4b,3,-591.8622397096533,,12,-3,9,-13,-3,3,-14,
326,8,0.8,0,0,creg2a,16,-608.4297300681595,,12,16,9,-13,-3,3,-14,
327,8,0.8,0,0,creg3a,-3,-585.1360126184763,,12,16,-3,-13,-3,3,-14,
328,8,0.8,0,0,creg4c,14,-749.3742172265752,,12,16,-3,-13,-3,3,14,
329,8,0.8,0,0,creg3c,-2,-732.3707571277602,,12,16,-3,-2,-3,3,14,
330,8,0.8,0,0,creg4b,10,-734.2265321953774,,12,16,-3,-2,-3,10,14,
331,8,0.8,0,0,creg3a,11,-757.5799345539157,,12,16,11,-2,-3,10,14,
332,8,0.8,0,0,creg4c,7,-772.5173184155918,,12,16,11,-2,-3,10,7,
333,8,0.8,0,0,creg4a,-13,-934.4979352968157,,12,16,11,-2,-13,10,7,
334,8,0.8,0,0,creg3a,-14,-948.9956113783956,,12,16,-14,-2,-13,10,7,
335,8,0.8,0,0,creg4b,-15,-753.6996787444613,,12,16,-14,-2,-13,-15,7,
336,8,0.8,0,0,creg4b,-12,-739.7557442800619,,12,16,-14,-2,-13,-12,7,
337,8,0.8,0,0,creg2a,-5,-733.1941827499342,,12,-5,-14,-2,-13,-12,7,
338,8,0.8,0,0,creg2a,-15,-721.9860118260295,,12,-15,-14,-2,-13,-12,7,
339,8,0.8,0,0,creg4a,-4,-601.6909547849274,,12,-15,-14,-2,-4,-12,7,
340,8,0.8,0,0,creg4a,7,-754.2789017034631,,12,-15,-14,-2,7,-12,7,
341,8,0.8,0,0,creg1a,-13,-1207.8422632474615,,-13,-15,-14,-2,7,-12,7,
342,8,0.8,0,0,creg3c,-12,-1192.6563828712904,,-13,-15,-14,-12,7,-12,7,
343,8,0.8,0,0,creg4a,-3,-1188.2415605742708,,-13,-15,-14,-12,-3,-12,7,
344,8,0.8,0,0,creg1a,15,-885.7259694270876,,15,-15,-14,-12,-3,-12,7,
345,8,0.8,0,0,creg3c,-6,-863.7222570759327,,15,-15,-14,-6,-3,-12,7,
346,8,0.8,0,0,creg4c,2,-861.2328103875095,,15,-15,-14,-6,-3,-12,2,
347,8,0.8,0,0,creg1a,11,-539.3709892947728,,11,-15,-14,-6,-3,-12,2,
348,8,0.8,0,0,creg3a,-10,-523.4488039534292,,11,-15,-10,-6,-3,-12,2,
349,8,0.8,0,0,creg3c,4,-549.4951746566765,,11,-15,-10,4,-3,-12,2,
350,8,0.8,0,0,creg4b,-13,-539.466957510278,,11,-15,-10,4,-3,-13,2,
351,8,0.8,0,0,creg3a,8,-573.8084338912507,,11,-15,8,4,-3,-13,2,
352,8,0.8,0,0,creg3c,7,-558.8613657767461,,11,-15,8,7,-3,-13,2,
353,8,0.8,0,0,creg4a,6,-714.4566281047652,,11,-15,8,7,6,-13,2,
354,8,0.8,0,0,creg4a,16,-700.2938280700363,,11,-15,8,7,16,-13,2,
355,8,0.8,0,0,creg4a,-8,-583.5789962872115,,11,-15,8,7,-8,-13,2,
356,8,0.8,0,0,creg1a,-5,-848.2314062886052,,-5,-15,8,7,-8,-13,2,
357,8,0.8,0,0,creg2a,13,-844.8332265403105,,-5,13,8,7,-8,-13,2,
358,8,0.8,0,0,creg2a,-14,-859.2531205302225,,-5,-14,8,7,-8,-13,2,
359,8,0.8,0,0,creg4c,2,-832.2527740320317,,-5,-14,8,7,-8,-13,2,
360,8,0.8,0,0,creg3c,-4,-863.1355085172765,,-5,-14,8,-4,-8,-13,2,
361,8,0.8,0,0,creg4c,-7,-910.4867133829401,,-5,-14,8,-4,-8,-13,-7,
362,8,0.8,0,0,creg3c,12,-897.5941415194532,,-5,-14,8,12,-8,-13,-7,
363,8,0.8,0,0,creg4b,13,-779.4765560621602,,-5,-14,8,12,-8,13,-7,
364,8,0.8,0,0,creg4a,8,-627.8316788582958,,-5,-14,8,12,8,13,-7,
365,8,0.8,0,0,creg3c,5,-618.8297695180825,,-5,-14,8,5,8,13,-7,
366,8,0.8,0,0,creg4a,7,-611.7534901989509,,-5,-14,8,5,7,13,-7,
367,8,0.8,0,0,creg1a,13,-872.3887118548513,,13,-14,8,5,7,13,-7,
368,8,0.8,0,0,creg3c,-3,-842.287002739995,,13,-14,8,-3,7,13,-7,
369,8,0.8,0,0,creg3c,-11,-842.2900966052749,,13,-14,8,-11,7,13,-7,
370,8,0.8,0,0,creg2a,-5,-843.4959175533941,,13,-5,8,-11,7,13,-7,
371,8,0.8,0,0,creg1a,3,-390.90364369328546,,3,-5,8,-11,7,13,-7,
372,8,0.8,0,0,creg3a,-13,-417.4631207386686,,3,-5,-13,-11,7,13,-7,
373,8,0.8,0,0,creg1a,11,-673.0821720891861,,11,-5,-13,-11,7,13,-7,
374,8,0.8,0,0,creg1a,5,-258.41731455968807,,5,-5,-13,-11,7,13,-7,
375,8,0.8,0,0,creg2a,0,-252.41846756331685,,5,-5,-13,-11,7,13,-7,
376,8,0.8,0,0,creg3c,-2,-241.4639711037838,,5,-5,-13,-2,7,13,-7,
377,8,0.8,0,0,creg1a,-1,-434.5092935872826,,-1,-5,-13,-2,7,13,-7,
378,8,0.8,0,0,creg4c,-16,-435.5747051463881,,-1,-5,-13,-2,7,13,-16,
379,8,0.8,0,0,creg4b,6,-308.6326496346792,,-1,-5,-13,-2,7,6,-16,
380,8,0.8,0,0,creg4c,-14,-304.0933867443842,,-1,-5,-13,-2,7,6,-14,
381,8,0.8,0,0,creg2a,-13,-309.87583211317235,,-1,-13,-13,-2,7,6,-14,
382,8,0.8,0,0,creg3a,-10,-304.96178707526644,,-1,-13,-10,-2,7,6,-14,
383,8,0.8,0,0,creg1a,-6,-737.7438604844655,,-6,-13,-10,-2,7,6,-14,
384,8,0.8,0,0,creg4b,2,-740.4972009717654,,-6,-13,-10,-2,7,2,-14,
385,8,0.8,0,0,creg4b,-12,-859.3815386947676,,-6,-13,-10,-2,7,-12,-14,
386,8,0.8,0,0,creg2a,-8,-850.5038598662379,,-6,-8,-10,-2,7,-12,-14,
387,8,0.8,0,0,creg4b,5,-749.8029372554158,,-6,-8,-10,-2,7,5,-14,
388,8,0.8,0,0,creg3a,-15,-737.6706130061186,,-6,-8,-15,-2,7,5,-14,
389,8,0.8,0,0,creg4c,-16,-734.2369837279143,,-6,-8,-15,-2,7,5,-16,
390,8,0.8,0,0,creg4a,-8,-912.4338115326027,,-6,-8,-15,-2,-8,5,-16,
391,8,0.8,0,0,creg3a,3,-911.8939283978649,,-6,-8,3,-2,-8,5,-16,
392,8,0.8,0,0,creg2a,13,-895.3518587473362,,-6,13,3,-2,-8,5,-16,
393,8,0.8,0,0,creg3c,8,-864.4311949732624,,-6,13,3,8,-8,5,-16,
394,8,0.8,0,0,creg1a,11,-693.9092724930352,,11,13,3,8,-8,5,-16,
395,8,0.8,0,0,creg4b,-5,-557.2262504892557,,11,13,3,8,-8,-5,-16,
396,8,0.8,0,0,creg3c,7,-547.2090153147518,,11,13,3,7,-8,-5,-16,
397,8,0.8,0,0,creg1a,1,-411.41656916066324,,1,13,3,7,-8,-5,-16,
398,8,0.8,0,0,creg1a,10,-480.23216489645915,,10,13,3,7,-8,-5,-16,
399,8,0.8,0,0,creg4a,14,-698.4765159934472,,10,13,3,7,14,-5,-16,
400,8,0.8,0,0,creg4c,11,-659.25206889984,,10,13,3,7,14,-5,11,
401,8,0.8,0,0,creg2a,-7,-631.7207597597725,,10,-7,3,7,14,-5,11,
402,8,0.8,0,0,creg3a,-12,-634.5064624652615,,10,-7,-12,7,14,-5,11,
403,8,0.8,0,0,creg1a,-2,-341.46808707684875,,-2,-7,-12,7,14,-5,11,
404,8,0.8,0,0,creg4c,6,-338.31397094523857,,-2,-7,-12,7,14,-5,6,
405,8,0.8,0,0,creg3a,-7,-338.4548727018622,,-2,-7,-7,7,14,-5,6,
406,8,0.8,0,0,creg3a,-1,-339.63248045299565,,-2,-7,-1,7,14,-5,6,
407,8,0.8,0,0,creg1a,-9,-1022.1040300683031,,-9,-7,-1,7,14,-5,6,
408,8,0.8,0,0,creg4a,6,-1173.0775737650852,,-9,-7,-1,7,6,-5,6,
409,8,0.8,0,0,creg1a,-1,-228.84413431120836,,-1,-7,-1,7,6,-5,6,
410,8,0.8,0,0,creg3c,-8,-255.73363764129505,,-1,-7,-1,-8,6,-5,6,
411,8,0.8,0,0,creg2a,3,-230.9794149465531,,-1,3,-1,-8,6,-5,6,
412,8,0.8,0,0,creg3c,-7,-221.0003460477496,,-1,3,-1,-7,6,-5,6,
413,8,0.8,0,0,creg3a,7,-229.12085765388008,,-1,3,7,-7,6,-5,6,
414,8,0.8,0,0,creg3a,9,-223.1520470128176,,-1,3,9,-7,6,-5,6,
415,8,0.8,0,0,creg4c,8,-227.2157363016396,,-1,3,9,-7,6,-5,8,
416,8,0.8,0,0,creg1a,6,-258.0329970336903,,6,3,9,-7,6,-5,8,
417,8,0.8,0,0,creg2a,7,-271.1322478656488,,6,7,9,-7,6,-5,8,
418,8,0.8,0,0,creg4c,8,-267.1319929203004,,6,7,9,-7,6,-5,8,
419,8,0.8,0,0,creg2a,-13,-286.6579385063783,,6,-13,9,-7,6,-5,8,
420,8,0.8,0,0,creg3a,-11,-286.3071956078986,,6,-13,-11,-7,6,-5,8,
421,8,0.8,0,0,creg3a,-7,-254.407748386102,,6,-13,-7,-7,6,-5,8,
422,8,0.8,0,0,creg4b,0,-250.4073849052943,,6,-13,-7,-7,6,-5,8,
423,8,0.8,0,0,creg3a,-12,-271.27848523704245,,6,-13,-12,-7,6,-5,8,
424,8,0.8,0,0,creg3a,13,-291.7795160462835,,6,-13,13,-7,6,-5,8,
425,8,0.8,0,0,creg4a,-16,-440.0164025328677,,6,-13,13,-7,-16,-5,8,
426,8,0.8,0,0,creg4b,11,-559.9903535256005,,6,-13,13,-7,-16,11,8,
427,8,0.8,0,0,creg3c,-8,-543.9903216578357,,6,-13,13,-8,-16,11,8,
428,8,0.8,0,0,creg3a,2,-538.7636737607162,,6,-13,2,-8,-16,11,8,
429,8,0.8,0,0,creg2a,1,-526.0694238205878,,6,1,2,-8,-16,11,8,
430,8,0.8,0,0,creg1a,-7,-884.8148035021937,,-7,1,2,-8,-16,11,8,
431,8,0.8,0,0,creg2a,2,-871.8384188092421,,-7,2,2,-8,-16,11,8,
432,8,0.8,0,0,creg4a,-13,-875.9581330037577,,-7,2,2,-8,-13,11,8,
433,8,0.8,0,0,creg4c,11,-876.1679955274876,,-7,2,2,-8,-13,11,11,
434,8,0.8,0,0,creg4a,-9,-878.734339376392,,-7,2,2,-8,-9,11,11,
435,8,0.8,0,0,creg1a,6,-528.8937009155923,,6,2,2,-8,-9,11,11,
436,8,0.8,0,0,creg1a,5,-515.4233757327202,,5,2,2,-8,-9,11,11,
437,8,0.8,0,0,creg3c,-4,-519.4221404545217,,5,2,2,-4,-9,11,11,
438,8,0.8,0,0,creg4a,-4,-366.1422458354159,,5,2,2,-4,-4,11,11,
439,8,0.8,0,0,creg1a,13,-850.607498459098,,13,2,2,-4,-4,11,11,
440,8,0.8,0,0,creg4a,16,-1018.2408936581489,,13,2,2,-4,16,11,11,
441,8,0.8,0,0,creg4b,-11,-888.22407458564,,13,2,2,-4,16,-11,11,
442,8,0.8,0,0,creg2a,3,-866.2532446859968,,13,3,2,-4,16,-11,11,
443,8,0.8,0,0,creg4b,-6,-867.5724013532433,,13,3,2,-4,16,-6,11,
444,8,0.8,0,0,creg3a,2,-862.5722361765058,,13,3,2,-4,16,-6,11,
445,8,0.8,0,0,creg2a,-2,-855.4322799000701,,13,-2,2,-4,16,-6,11,
446,8,0.8,0,0,creg4b,-9,-853.2335871012451,,13,-2,2,-4,16,-9,11,
447,8,0.8,0,0,creg4c,-16,-853.2496584951504,,13,-2,2,-4,16,-9,-16,
448,8,0.8,0,0,creg3c,-9,-831.2517038974463,,13,-2,2,-9,16,-9,-16,
449,8,0.8,0,0,creg4b,14,-1002.0233659629138,,13,-2,2,-9,16,14,-16,
450,8,0.8,0,0,creg1a,-4,-720.0716907580875,,-4,-2,2,-9,16,14,-16,
451,8,0.8,0,0,creg1a,-3,-579.4839082504221,,-3,-2,2,-9,16,14,-16,
452,8,0.8,0,0,creg4a,-4,-746.7244417681028,,-3,-2,2,-9,-4,14,-16,
453,8,0.8,0,0,creg3a,14,-738.892060266737,,-3,-2,14,-9,-4,14,-16,
454,8,0.8,0,0,creg2a,-8,-732.7400054062653,,-3,-8,14,-9,-4,14,-16,
455,8,0.8,0,0,creg3c,9,-724.8947073366287,,-3,-8,14,9,-4,14,-16,
456,8,0.8,0,0,creg2a,1,-700.1146969353774,,-3,1,14,9,-4,14,-16,
457,8,0.8,0,0,creg3c,6,-694.1157545355969,,-3,1,14,6,-4,14,-16,
458,8,0.8,0,0,creg4a,12,-559.5472428998314,,-3,1,14,6,12,14,-16,
459,8,0.8,0,0,creg4c,0,-543.5452332418754,,-3,1,14,6,12,14,-16,
460,8,0.8,0,0,creg4a,0,-543.5452186276962,,-3,1,14,6,12,14,-16,
461,8,0.8,0,0,creg4c,14,-433.4917057294477,,-3,1,14,6,12,14,14,
462,8,0.8,0,0,creg4a,16,-407.8118298996959,,-3,1,14,6,16,14,14,
463,8,0.8,0,0,creg4c,14,-403.8107157500257,,-3,1,14,6,16,14,14,
464,8,0.8,0,0,creg3c,-3,-432.7619593487168,,-3,1,14,-3,16,14,14,
465,8,0.8,0,0,creg4a,2,-572.3495078838515,,-3,1,14,-3,2,14,14,
466,8,0.8,0,0,creg4c,-2,-725.378874816607,,-3,1,14,-3,2,14,-2,
467,8,0.8,0,0,creg3c,5,-697.4282611304742,,-3,1,14,5,2,14,-2,
468,8,0.8,0,0,creg1a,-4,-716.560133221959,,-4,1,14,5,2,14,-2,
469,8,0.8,0,0,creg3a,13,-716.5471834589941,,-4,1,13,5,2,14,-2,
470,8,0.8,0,0,creg4a,-3,-707.1805959942792,,-4,1,13,5,-3,14,-2,
471,8,0.8,0,0,creg1a,-5,-753.406110594095,,-5,1,13,5,-3,14,-2,
472,8,0.8,0,0,creg4b,7,-756.1034888722202,,-5,1,13,5,-3,7,-2,
473,8,0.8,0,0,creg4a,-2,-749.5656567985293,,-5,1,13,5,-2,7,-2,
474,8,0.8,0,0,creg4b,5,-751.4533600005093,,-5,1,13,5,-2,5,-2,
475,8,0.8,0,0,creg3c,-3,-777.3672523038123,,-5,1,13,-3,-2,5,-2,
476,8,0.8,0,0,creg4c,-4,-766.8174496025335,,-5,1,13,-3,-2,5,-4,
477,8,0.8,0,0,creg3c,6,-753.9044479975832,,-5,1,13,6,-2,5,-4,
478,8,0.8,0,0,creg4a,-2,-744.904445995249,,-5,1,13,6,-2,5,-4,
479,8,0.8,0,0,creg2a,14,-758.1778508740961,,-5,14,13,6,-2,5,-4,
480,8,0.8,0,0,creg1a,-8,-1013.4146922235198,,-8,14,13,6,-2,5,-4,
481,8,0.8,0,0,creg3a,7,-1016.3358040568863,,-8,14,7,6,-2,5,-4,
482,8,0.8,0,0,creg4a,-13,-1016.8217161165526,,-8,14,7,6,-13,5,-4,
483,8,0.8,0,0,creg1a,-8,-1005.8225097120162,,-8,14,7,6,-13,5,-4,
484,8,0.8,0,0,creg3c,15,-1014.8191345733778,,-8,14,7,15,-13,5,-4,
485,8,0.8,0,0,creg4c,16,-885.2556970351197,,-8,14,7,15,-13,5,16,
486,8,0.8,0,0,creg3a,8,-865.2669243657575,,-8,14,8,15,-13,5,16,
487,8,0.8,0,0,creg3a,11,-868.3038317148191,,-8,14,11,15,-13,5,16,
488,8,0.8,0,0,creg3c,-13,-912.9548429810112,,-8,14,11,-13,-13,5,16,
489,8,0.8,0,0,creg3a,16,-890.0174238305156,,-8,14,16,-13,-13,5,16,
490,8,0.8,0,0,creg4c,16,-885.017444556113,,-8,14,16,-13,-13,5,16,
491,8,0.8,0,0,creg1a,-12,-1009.7910246023814,,-12,14,16,-13,-13,5,16,
492,8,0.8,0,0,creg3c,6,-1025.1638547846164,,-12,14,16,6,-13,5,16,
493,8,0.8,0,0,creg1a,-7,-826.995147096135,,-7,14,16,6,-13,5,16,
494,8,0.8,0,0,creg4a,-15,-823.2566694290916,,-7,14,16,6,-15,5,16,
495,8,0.8,0,0,creg2a,14,-821.25810935045,,-7,14,16,6,-15,5,16,
496,8,0.8,0,0,creg2a,-8,-862.8120258547219,,-7,-8,16,6,-15,5,16,
497,8,0.8,0,0,creg2a,-4,-844.8961315585717,,-7,-4,16,6,-15,5,16,
498,8,0.8,0,0,creg3c,1,-861.8462475590485,,-7,-4,16,1,-15,5,16,
499,8,0.8,0,0,creg1a,9,-590.9525674945467,,9,-4,16,1,-15,5,16,
500,8,0.8,0,0,creg4c,-15,-620.8371515861894,,9,-4,16,1,-15,5,-15,
501,8,0.8,0,0,creg2a,-15,-612.5899749557855,,9,-15,16,1,-15,5,-15,
502,8,0.8,0,0,creg3c,3,-603.5899043992201,,9,-15,16,3,-15,5,-15,
503,8,0.8,0,0,creg4c,10,-637.9066905799929,,9,-15,16,3,-15,5,10,
504,8,0.8,0,0,creg4a,-14,-613.3317895274821,,9,-15,16,3,-14,5,10,
505,8,0.8,0,0,creg4b,-5,-478.22316484208494,,9,-15,16,3,-14,-5,10,
506,8,0.8,0,0,creg3c,15,-496.4486153582492,,9,-15,16,15,-14,-5,10,
507,8,0.8,0,0,creg4a,14,-543.302100652238,,9,-15,16,15,14,-5,10,
508,8,0.8,0,0,creg4c,3,-384.49108824908774,,9,-15,16,15,14,-5,3,
509,8,0.8,0,0,creg3a,-14,-406.8350307526673,,9,-15,-14,15,14,-5,3,
510,8,0.8,0,0,creg1a,7,-302.5537920350763,,7,-15,-14,15,14,-5,3,
511,8,0.8,0,0,creg4a,10,-302.65838808452577,,7,-15,-14,15,10,-5,3,
512,8,0.8,0,0,creg4c,6,-433.92679726621554,,7,-15,-14,15,10,-5,6,
513,8,0.8,0,0,creg1a,8,-443.24887077807307,,8,-15,-14,15,10,-5,6,
514,8,0.8,0,0,creg4b,-5,-443.24743045862726,,8,-15,-14,15,10,-5,6,
515,8,0.8,0,0,creg4c,3,-301.76407870721573,,8,-15,-14,15,10,-5,3,
516,8,0.8,0,0,creg1a,2,-149.438315260141,,2,-15,-14,15,10,-5,3,
517,8,0.8,0,0,creg4c,6,-146.5446188544094,,2,-15,-14,15,10,-5,6,
518,8,0.8,0,0,creg2a,9,-152.12247751914924,,2,9,-14,15,10,-5,6,
519,8,0.8,0,0,creg4b,-9,-255.71116710554247,,2,9,-14,15,10,-9,6,
520,8,0.8,0,0,creg4a,-16,-426.7958437827291,,2,9,-14,15,-16,-9,6,
521,8,0.8,0,0,creg1a,-7,-965.6479155333278,,-7,9,-14,15,-16,-9,6,
522,8,0.8,0,0,creg3c,15,-956.6489544157104,,-7,9,-14,15,-16,-9,6,
523,8,0.8,0,0,creg4b,-15,-961.4371014688898,,-7,9,-14,15,-16,-15,6,
524,8,0.8,0,0,creg2a,2,-978.3053624632208,,-7,2,-14,15,-16,-15,6,
525,8,0.8,0,0,creg1a,-9,-1127.553607077369,,-9,2,-14,15,-16,-15,6,
526,8,0.8,0,0,creg2a,9,-1116.6911489042739,,-9,9,-14,15,-16,-15,6,
527,8,0.8,0,0,creg3c,-3,-1143.5070555663922,,-9,9,-14,-3,-16,-15,6,
528,8,0.8,0,0,creg3c,12,-1124.692332747344,,-9,9,-14,12,-16,-15,6,
529,8,0.8,0,0,creg2a,-16,-1150.1893250696073,,-9,-16,-14,12,-16,-15,6,
530,8,0.8,0,0,creg4a,-15,-1129.5492438291571,,-9,-16,-14,12,-15,-15,6,
531,8,0.8,0,0,creg1a,10,-717.0285573159441,,10,-16,-14,12,-15,-15,6,
532,8,0.8,0,0,creg4c,-13,-663.2578775759531,,10,-16,-14,12,-15,-15,-13,
533,8,0.8,0,0,creg4c,7,-718.3086736166482,,10,-16,-14,12,-15,-15,7,
534,8,0.8,0,0,creg4c,12,-708.7788652691071,,10,-16,-14,12,-15,-15,12,
535,8,0.8,0,0,creg4a,-2,-567.2116447730835,,10,-16,-14,12,-2,-15,12,
536,8,0.8,0,0,creg4b,0,-554.2089603199544,,10,-16,-14,12,-2,-15,12,
537,8,0.8,0,0,creg4b,11,-607.5470119853368,,10,-16,-14,12,-2,11,12,
538,8,0.8,0,0,creg4a,0,-581.5465726726927,,10,-16,-14,12,-2,11,12,
539,8,0.8,0,0,creg4b,-1,-470.81074810559886,,10,-16,-14,12,-2,-1,12,
540,8,0.8,0,0,creg4b,6,-591.2134922442235,,10,-16,-14,12,-2,6,12,
541,8,0.8,0,0,creg2a,-14,-586.265485175585,,10,-14,-14,12,-2,6,12,
542,8,0.8,0,0,creg2a,-6,-576.4443535646125,,10,-6,-14,12,-2,6,12,
543,8,0.8,0,0,creg3c,5,-575.3132080573005,,10,-6,-14,5,-2,6,12,
544,8,0.8,0,0,creg3c,13,-576.4628198813916,,10,-6,-14,13,-2,6,12,
545,8,0.8,0,0,creg1a,-12,-1043.4027358798785,,-12,-6,-14,13,-2,6,12,
546,8,0.8,0,0,creg2a,7,-1034.6909140936077,,-12,7,-14,13,-2,6,12,
547,8,0.8,0,0,creg4b,11,-903.2630960298428,,-12,7,-14,13,-2,11,12,
548,8,0.8,0,0,creg4c,3,-1049.165710386914,,-12,7,-14,13,-2,11,3,
549,8,0.8,0,0,creg1a,-15,-1128.2957887648483,,-15,7,-14,13,-2,11,3,
550,8,0.8,0,0,creg3c,10,-1148.2460522113993,,-15,7,-14,10,-2,11,3,
551,8,0.8,0,0,creg3c,-12,-1166.852052118387,,-15,7,-14,-12,-2,11,3,
552,8,0.8,0,0,creg3a,-16,-1146.8095454113818,,-15,7,-16,-12,-2,11,3,
553,8,0.8,0,0,creg4b,-8,-1195.395883725659,,-15,7,-16,-12,-2,-8,3,
554,8,0.8,0,0,creg2a,9,-1178.4407767007851,,-15,9,-16,-12,-2,-8,3,
555,8,0.8,0,0,creg1a,-15,-1176.4407735856253,,-15,9,-16,-12,-2,-8,3,
556,8,0.8,0,0,creg4a,12,-1196.766491860655,,-15,9,-16,-12,12,-8,3,
557,8,0.8,0,0,creg1a,-13,-1187.240811145808,,-13,9,-16,-12,12,-8,3,
558,8,0.8,0,0,creg4b,-1,-1193.7277671226693,,-13,9,-16,-12,12,-1,3,
559,8,0.8,0,0,creg2a,16,-1177.8759965039965,,-13,16,-16,-12,12,-1,3,
560,8,0.8,0,0,creg4c,-16,-1185.4666758850933,,-13,16,-16,-12,12,-1,-16,
561,8,0.8,0,0,creg3a,-5,-1177.7358521590645,,-13,16,-5,-12,12,-1,-16,
562,8,0.8,0,0,creg4c,4,-1191.414420374152,,-13,16,-5,-12,12,-1,4,
563,8,0.8,0,0,creg3c,0,-1171.414403590127,,-13,16,-5,-12,12,-1,4,
564,8,0.8,0,0,creg4c,-4,-1177.3463824532516,,-13,16,-5,-12,12,-1,-4,
565,8,0.8,0,0,creg3c,-13,-1169.3298725412665,,-13,16,-5,-13,12,-1,-4,
566,8,0.8,0,0,creg4a,7,-1171.8339632701204,,-13,16,-5,-13,7,-1,-4,
567,8,0.8,0,0,creg4a,16,-1031.8365720115926,,-13,16,-5,-13,16,-1,-4,
568,8,0.8,0,0,creg4a,2,-1178.509308505652,,-13,16,-5,-13,2,-1,-4,
569,8,0.8,0,0,creg4a,15,-1051.660193003055,,-13,16,-5,-13,15,-1,-4,
570,8,0.8,0,0,creg3c,-13,-1038.661354564131,,-13,16,-5,-13,15,-1,-4,
571,8,0.8,0,0,creg1a,-5,-732.3758547128011,,-5,16,-5,-13,15,-1,-4,
572,8,0.8,0,0,creg3c,-11,-726.4104576543301,,-5,16,-5,-11,15,-1,-4,
573,8,0.8,0,0,creg3c,9,-724.6519352278038,,-5,16,-5,9,15,-1,-4,
574,8,0.8,0,0,creg2a,3,-721.3506741948412,,-5,3,-5,9,15,-1,-4,
575,8,0.8,0,0,creg1a,-1,-257.1017684519503,,-1,3,-5,9,15,-1,-4,
576,8,0.8,0,0,creg3a,8,-250.35560664909272,,-1,3,8,9,15,-1,-4,
577,8,0.8,0,0,creg1a,13,-877.7131144855168,,13,3,8,9,15,-1,-4,
578,8,0.8,0,0,creg3a,-16,-887.2168075166799,,13,3,-16,9,15,-1,-4,
579,8,0.8,0,0,creg4b,-10,-747.2569597515304,,13,3,-16,9,15,-10,-4,
580,8,0.8,0,0,creg3a,11,-765.8388649114115,,13,3,11,9,15,-10,-4,
581,8,0.8,0,0,creg4c,4,-892.1099010486928,,13,3,11,9,15,-10,4,
582,8,0.8,0,0,creg4c,-4,-746.8383980481676,,13,3,11,9,15,-10,-4,
583,8,0.8,0,0,creg3a,-14,-747.3093270802098,,13,3,-14,9,15,-10,-4,
584,8,0.8,0,0,creg4c,3,-874.3077803681327,,13,3,-14,9,15,-10,3,
585,8,0.8,0,0,creg4b,12,-1025.6464766813654,,13,3,-14,9,15,12,3,
586,8,0.8,0,0,creg4a,-11,-874.1898760352738,,13,3,-14,9,-11,12,3,
587,8,0.8,0,0,creg3a,1,-875.414053329329,,13,3,1,9,-11,12,3,
588,8,0.8,0,0,creg4c,-10,-720.0126657758166,,13,3,1,9,-11,12,-10,
589,8,0.8,0,0,creg4b,-10,-604.9294618745423,,13,3,1,9,-11,-10,-10,
590,8,0.8,0,0,creg4c,12,-756.8058021196508,,13,3,1,9,-11,-10,12,
591,8,0.8,0,0,creg2a,10,-742.0069616986202,,13,10,1,9,-11,-10,12,
592,8,0.8,0,0,creg3a,3,-737.0654472537174,,13,10,3,9,-11,-10,12,
593,8,0.8,0,0,creg1a,-14,-1152.2845190723938,,-14,10,3,9,-11,-10,12,
594,8,0.8,0,0,creg3c,6,-1124.2217946502014,,-14,10,3,6,-11,-10,12,
595,8,0.8,0,0,creg3a,-1,-1125.1286707015245,,-14,10,-1,6,-11,-10,12,
596,8,0.8,0,0,creg2a,5,-1126.0209460316596,,-14,5,-1,6,-11,-10,12,
597,8,0.8,0,0,creg1a,-12,-1036.8176832192314,,-12,5,-1,6,-11,-10,12,
598,8,0.8,0,0,creg3c,2,-1038.7296839379542,,-12,5,-1,2,-11,-10,12,
599,8,0.8,0,0,creg2a,-7,-1046.4784788042662,,-12,-7,-1,2,-11,-10,12,
600,8,0.8,0,0,creg4b,7,-1055.236474713894,,-12,-7,-1,2,-11,7,12,
601,8,0.8,0,0,creg4c,-11,-1183.5405383126938,,-12,-7,-1,2,-11,7,-11,
602,8,0.8,0,0,creg2a,6,-1173.822932991201,,-12,6,-1,2,-11,7,-11,
603,8,0.8,0,0,creg4c,9,-1146.188553337963,,-12,6,-1,2,-11,7,9,
604,8,0.8,0,0,creg3c,13,-1117.3327064720015,,-12,6,-1,13,-11,7,9,
605,8,0.8,0,0,creg3c,-6,-1145.0344476294847,,-12,6,-1,-6,-11,7,9,
606,8,0.8,0,0,creg1a,-7,-862.6598010125022,,-7,6,-1,-6,-11,7,9,
607,8,0.8,0,0,creg4c,9,-857.6594974570941,,-7,6,-1,-6,-11,7,9,
608,8,0.8,0,0,creg4b,7,-857.6594977242859,,-7,6,-1,-6,-11,7,9,
609,8,0.8,0,0,creg4b,-14,-998.8286875548197,,-7,6,-1,-6,-11,-14,9,
610,8,0.8,0,0,creg3a,8,-971.019628159782,,-7,6,8,-6,-11,-14,9,
611,8,0.8,0,0,creg4c,-8,-1111.07380423488,,-7,6,8,-6,-11,-14,-8,
612,8,0.8,0,0,creg3c,1,-1101.2101489700613,,-7,6,8,1,-11,-14,-8,
613,8,0.8,0,0,creg4a,-5,-1098.7707057404682,,-7,6,8,1,-5,-14,-8,
614,8,0.8,0,0,creg4c,13,-985.9873050957415,,-7,6,8,1,-5,-14,13,
615,8,0.8,0,0,creg2a,-14,-1000.5481287430528,,-7,-14,8,1,-5,-14,13,
616,8,0.8,0,0,creg4b,11,-885.488796243243,,-7,-14,8,1,-5,11,13,
617,8,0.8,0,0,creg3c,12,-851.53895454997,,-7,-14,8,12,-5,11,13,
618,8,0.8,0,0,creg4b,15,-844.7264112801195,,-7,-14,8,12,-5,15,13,
619,8,0.8,0,0,creg4a,9,-688.2704249824585,,-7,-14,8,12,9,15,13,
620,8,0.8,0,0,creg4c,10,-673.1620734967239,,-7,-14,8,12,9,15,10,
621,8,0.8,0,0,creg3a,15,-677.2621106458536,,-7,-14,15,12,9,15,10,
622,8,0.8,0,0,creg2a,-11,-673.3341522040392,,-7,-11,15,12,9,15,10,
623,8,0.8,0,0,creg3c,9,-673.3355496505066,,-7,-11,15,9,9,15,10,
624,8,0.8,0,0,creg1a,3,-400.5256706021171,,3,-11,15,9,9,15,10,
625,8,0.8,0,0,creg4a,-6,-563.5144103089618,,3,-11,15,9,-6,15,10,
626,8,0.8,0,0,creg4b,-5,-438.18286289693987,,3,-11,15,9,-6,-5,10,
627,8,0.8,0,0,creg2a,5,-418.54058593752075,,3,5,15,9,-6,-5,10,
628,8,0.8,0,0,creg3c,4,-407.54226072465644,,3,5,15,4,-6,-5,10,
629,8,0.8,0,0,creg1a,10,-465.71556438468366,,10,5,15,4,-6,-5,10,
630,8,0.8,0,0,creg4b,-9,-458.5543818543979,,10,5,15,4,-6,-9,10,
631,8,0.8,0,0,creg4b,7,-600.625172673906,,10,5,15,4,-6,7,10,
632,8,0.8,0,0,creg3c,4,-584.6232143121098,,10,5,15,4,-6,7,10,
633,8,0.8,0,0,creg4a,11,-789.5201045493404,,10,5,15,4,11,7,10,
634,8,0.8,0,0,creg4b,7,-772.5199518790836,,10,5,15,4,11,7,10,
635,8,0.8,0,0,creg2a,5,-772.5199517071945,,10,5,15,4,11,7,10,
636,8,0.8,0,0,creg4a,-7,-602.5728925093192,,10,5,15,4,-7,7,10,
637,8,0.8,0,0,creg3a,13,-586.5128317370029,,10,5,13,4,-7,7,10,
638,8,0.8,0,0,creg3a,-2,-583.1440173718848,,10,5,-2,4,-7,7,10,
639,8,0.8,0,0,creg4c,13,-571.9984381069111,,10,5,-2,4,-7,7,13,
640,8,0.8,0,0,creg4b,7,-568.9929288682971,,10,5,-2,4,-7,7,13,
641,8,0.8,0,0,creg2a,-3,-560.7872933847407,,10,-3,-2,4,-7,7,13,
642,8,0.8,0,0,creg1a,10,-552.7874609936773,,10,-3,-2,4,-7,7,13,
643,8,0.8,0,0,creg4b,-9,-430.76749222688727,,10,-3,-2,4,-7,-9,13,
644,8,0.8,0,0,creg2a,5,-438.9688286840853,,10,5,-2,4,-7,-9,13,
645,8,0.8,0,0,creg1a,-15,-1194.8045942045037,,-15,5,-2,4,-7,-9,13,
646,8,0.8,0,0,creg4a,-1,-1182.1545093834961,,-15,5,-2,4,-1,-9,13,
647,8,0.8,0,0,creg4c,-12,-1198.4941241958588,,-15,5,-2,4,-1,-9,-12,
648,8,0.8,0,0,creg4c,3,-1192.166097102086,,-15,5,-2,4,-1,-9,3,
649,8,0.8,0,0,creg4b,-2,-1185.6095405817525,,-15,5,-2,4,-1,-2,3,
650,8,0.8,0,0,creg3a,8,-1188.853726510811,,-15,5,8,4,-1,-2,3,
651,8,0.8,0,0,creg4b,-1,-1179.0744514985608,,-15,5,8,4,-1,-1,3,
652,8,0.8,0,0,creg4a,9,-1193.5223763770591,,-15,5,8,4,9,-1,3,
653,8,0.8,0,0,creg4c,-3,-1187.997717852387,,-15,5,8,4,9,-1,-3,
654,8,0.8,0,0,creg1a,-13,-1186.4495861235844,,-13,5,8,4,9,-1,-3,
655,8,0.8,0,0,creg1a,3,-107.84635739825444,,3,5,8,4,9,-1,-3,
656,8,0.8,0,0,creg1a,4,-91.4647465640674,,4,5,8,4,9,-1,-3,
657,8,0.8,0,0,creg3c,-11,-126.3914405199879,,4,5,8,-11,9,-1,-3,
658,8,0.8,0,0,creg3a,-13,-147.9747255343373,,4,5,-13,-11,9,-1,-3,
659,8,0.8,0,0,creg4c,-8,-275.59397245996223,,4,5,-13,-11,9,-1,-8,
660,8,0.8,0,0,creg3a,-10,-273.67977469966047,,4,5,-10,-11,9,-1,-8,
661,8,0.8,0,0,creg4c,10,-289.81726029741844,,4,5,-10,-11,9,-1,10,
662,8,0.8,0,0,creg3c,-6,-256.885689209553,,4,5,-10,-6,9,-1,10,
663,8,0.8,0,0,creg3c,-13,-278.7784253538843,,4,5,-10,-13,9,-1,10,
664,8,0.8,0,0,creg4b,-3,-273.7048007801154,,4,5,-10,-13,9,-3,10,
665,8,0.8,0,0,creg3a,10,-288.0602906968851,,4,5,10,-13,9,-3,10,
666,8,0.8,0,0,creg4a,12,-407.7148124919125,,4,5,10,-13,12,-3,10,
667,8,0.8,0,0,creg4b,1,-408.84165063541417,,4,5,10,-13,12,1,10,
668,8,0.8,0,0,creg4b,3,-406.91918083552935,,4,5,10,-13,12,3,10,
669,8,0.8,0,0,creg3a,3,-399.81522924344983,,4,5,3,-13,12,3,10,
670,8,0.8,0,0,creg4b,-11,-542.1055903422041,,4,5,3,-13,12,-11,10,
671,8,0.8,0,0,creg3c,14,-555.3180120708026,,4,5,3,14,12,-11,10,
672,8,0.8,0,0,creg4a,-4,-414.66108653000083,,4,5,3,14,-4,-11,10,
673,8,0.8,0,0,creg4c,-16,-425.3683934778421,,4,5,3,14,-4,-11,-16,
674,8,0.8,0,0,creg1a,6,-253.47817509274998,,6,5,3,14,-4,-11,-16,
675,8,0.8,0,0,creg4b,-11,-251.47744676600257,,6,5,3,14,-4,-11,-16,
676,8,0.8,0,0,creg2a,-9,-265.15106526395834,,6,-9,3,14,-4,-11,-16,
677,8,0.8,0,0,creg3a,0,-251.15122076772076,,6,-9,3,14,-4,-11,-16,
678,8,0.8,0,0,creg4a,-4,-251.1512217768163,,6,-9,3,14,-4,-11,-16,
679,8,0.8,0,0,creg4c,-12,-268.1823053957577,,6,-9,3,14,-4,-11,-12,
680,8,0.8,0,0,creg2a,-12,-283.10643617842396,,6,-12,3,14,-4,-11,-12,
681,8,0.8,0,0,creg4b,-14,-394.4430485288832,,6,-12,3,14,-4,-14,-12,
682,8,0.8,0,0,creg4c,-13,-391.18247296009986,,6,-12,3,14,-4,-14,-13,
683,8,0.8,0,0,creg2a,7,-410.6438559892332,,6,7,3,14,-4,-14,-13,
684,8,0.8,0,0,creg4a,3,-399.13787190939956,,6,7,3,14,3,-14,-13,
685,8,0.8,0,0,creg4c,8,-415.1150177980321,,6,7,3,14,3,-14,8,
686,8,0.8,0,0,creg3a,-3,-400.029177843278,,6,7,-3,14,3,-14,8,
687,8,0.8,0,0,creg4b,14,-425.82291950863936,,6,7,-3,14,3,14,8,
688,8,0.8,0,0,creg3c,-14,-425.60676657734876,,6,7,-3,-14,3,14,8,
689,8,0.8,0,0,creg1a,-9,-921.3361754887484,,-9,7,-3,-14,3,14,8,
690,8,0.8,0,0,creg3a,10,-903.6541762387066,,-9,7,10,-14,3,14,8,
691,8,0.8,0,0,creg3c,16,-901.0466890883503,,-9,7,10,16,3,14,8,
692,8,0.8,0,0,creg4c,1,-1020.4413614012863,,-9,7,10,16,3,14,1,
693,8,0.8,0,0,creg4b,-5,-1153.708736715792,,-9,7,10,16,3,-5,1,
694,8,0.8,0,0,creg4c,2,-1134.9984220438466,,-9,7,10,16,3,-5,2,
695,8,0.8,0,0,creg1a,7,-158.22756320961201,,7,7,10,16,3,-5,2,
696,8,0.8,0,0,creg1a,-14,-1182.084253184755,,-14,7,10,16,3,-5,2,
697,8,0.8,0,0,creg3a,-16,-1186.4590428943131,,-14,7,-16,16,3,-5,2,
698,8,0.8,0,0,creg1a,10,-392.86211771348906,,10,7,-16,16,3,-5,2,
699,8,0.8,0,0,creg4a,-11,-521.7538523987268,,10,7,-16,16,-11,-5,2,
700,8,0.8,0,0,creg1a,-3,-575.0829123194211,,-3,7,-16,16,-11,-5,2,
701,8,0.8,0,0,creg3c,-2,-600.0591006398894,,-3,7,-16,-2,-11,-5,2,
702,8,0.8,0,0,creg1a,4,-266.16359805301204,,4,7,-16,-2,-11,-5,2,
703,8,0.8,0,0,creg1a,7,-278.2900597938978,,7,7,-16,-2,-11,-5,2,
704,8,0.8,0,0,creg1a,0,-275.28962653807304,,7,7,-16,-2,-11,-5,2,
705,8,0.8,0,0,creg1a,-3,-592.0589691413785,,-3,7,-16,-2,-11,-5,2,
706,8,0.8,0,0,creg3a,-7,-591.2859854369327,,-3,7,-7,-2,-11,-5,2,
707,8,0.8,0,0,creg3a,16,-589.6931250848236,,-3,7,16,-2,-11,-5,2,
708,8,0.8,0,0,creg4a,-3,-582.3355130361008,,-3,7,16,-2,-3,-5,2,
709,8,0.8,0,0,creg4b,11,-467.5023774385303,,-3,7,16,-2,-3,11,2,
710,8,0.8,0,0,creg3a,7,-460.37985796938534,,-3,7,7,-2,-3,11,2,
711,8,0.8,0,0,creg3a,-12,-485.9453813258011,,-3,7,-12,-2,-3,11,2,
712,8,0.8,0,0,creg4b,6,-471.75427932666753,,-3,7,-12,-2,-3,6,2,
713,8,0.8,0,0,creg4c,-7,-617.7104832613537,,-3,7,-12,-2,-3,6,-7,
714,8,0.8,0,0,creg4b,15,-738.4760503446715,,-3,7,-12,-2,-3,15,-7,
715,8,0.8,0,0,creg4a,-6,-731.095736251974,,-3,7,-12,-2,-6,15,-7,
716,8,0.8,0,0,creg3a,-4,-736.3107250616088,,-3,7,-4,-2,-6,15,-7,
717,8,0.8,0,0,creg4b,-12,-751.7451829117917,,-3,7,-4,-2,-6,-12,-7,
718,8,0.8,0,0,creg4b,-1,-614.142211380351,,-3,7,-4,-2,-6,-1,-7,
719,8,0.8,0,0,creg4b,15,-744.3106461487824,,-3,7,-4,-2,-6,15,-7,
720,8,0.8,0,0,creg1a,10,-440.9834768059819,,10,7,-4,-2,-6,15,-7,
721,8,0.8,0,0,creg4c,-6,-428.0179641429804,,10,7,-4,-2,-6,15,-6,
722,8,0.8,0,0,creg4c,16,-566.1724434664338,,10,7,-4,-2,-6,15,16,
723,8,0.8,0,0,creg4b,5,-559.4880166867151,,10,7,-4,-2,-6,5,16,
724,8,0.8,0,0,creg2a,-1,-537.2712790597279,,10,-1,-4,-2,-6,5,16,
725,8,0.8,0,0,creg1a,8,-362.994182430964,,8,-1,-4,-2,-6,5,16,
726,8,0.8,0,0,creg4a,14,-541.589865182866,,8,-1,-4,-2,14,5,16,
727,8,0.8,0,0,creg2a,5,-543.737268753985,,8,5,-4,-2,14,5,16,
728,8,0.8,0,0,creg3a,-11,-560.6209622678618,,8,5,-11,-2,14,5,16,
729,8,0.8,0,0,creg4c,4,-446.257778233436,,8,5,-11,-2,14,5,4,
730,8,0.8,0,0,creg4b,-15,-432.5067445054509,,8,5,-11,-2,14,-15,4,
731,8,0.8,0,0,creg4b,8,-465.98415458172775,,8,5,-11,-2,14,8,4,
732,8,0.8,0,0,creg4a,16,-442.0433161805646,,8,5,-11,-2,16,8,4,
733,8,0.8,0,0,creg2a,10,-445.1925374767382,,8,10,-11,-2,16,8,4,
734,8,0.8,0,0,creg4a,-16,-555.1862237756156,,8,10,-11,-2,-16,8,4,
735,8,0.8,0,0,creg4a,14,-473.1328788341972,,8,10,-11,-2,14,8,4,
736,8,0.8,0,0,creg3c,-15,-480.06410539258565,,8,10,-11,-15,14,8,4,
737,8,0.8,0,0,creg3c,6,-484.1655485441529,,8,10,-11,6,14,8,4,
738,8,0.8,0,0,creg1a,16,-1193.5490668362904,,16,10,-11,6,14,8,4,
739,8,0.8,0,0,creg1a,16,-1185.5490185832248,,16,10,-11,6,14,8,4,
740,8,0.8,0,0,creg4b,-14,-1079.58374046998,,16,10,-11,6,14,-14,4,
741,8,0.8,0,0,creg2a,7,-1060.4929992892232,,16,7,-11,6,14,-14,4,
742,8,0.8,0,0,creg3c,1,-1062.397364982886,,16,7,-11,1,14,-14,4,
743,8,0.8,0,0,creg3a,-6,-1062.4680543312863,,16,7,-6,1,14,-14,4,
744,8,0.8,0,0,creg4b,-15,-1057.4201195725636,,16,7,-6,1,14,-15,4,
745,8,0.8,0,0,creg3a,-11,-1062.3500887043544,,16,7,-11,1,14,-15,4,
746,8,0.8,0,0,creg4b,-8,-1064.779727386596,,16,7,-11,1,14,-8,4,
747,8,0.8,0,0,creg1a,0,-1057.7794904024179,,16,7,-11,1,14,-8,4,
748,8,0.8,0,0,creg3a,16,-1101.4649954823412,,16,7,16,1,14,-8,4,
749,8,0.8,0,0,creg2a,-3,-1084.170286940168,,16,-3,16,1,14,-8,4,
750,8,0.8,0,0,creg4b,7,-1216.482953712946,,16,-3,16,1,14,7,4,
751,8,0.8,0,0,creg1a,7,-399.7591754406596,,7,-3,16,1,14,7,4,
752,8,0.8,0,0,creg3a,-5,-395.30498527958173,,7,-3,-5,1,14,7,4,
753,8,0.8,0,0,creg4b,-9,-264.7841258614817,,7,-3,-5,1,14,-9,4,
754,8,0.8,0,0,creg4a,0,-248.78338221877652,,7,-3,-5,1,14,-9,4,
755,8,0.8,0,0,creg4a,5,-98.59860064292968,,7,-3,-5,1,5,-9,4,
756,8,0.8,0,0,creg2a,15,-124.08322826374062,,7,15,-5,1,5,-9,4,
757,8,0.8,0,0,creg4a,8,-237.50513390639517,,7,15,-5,1,8,-9,4,
758,8,0.8,0,0,creg1a,6,-122.68660526276105,,6,15,-5,1,8,-9,4,
759,8,0.8,0,0,creg4c,-7,-133.3765180529451,,6,15,-5,1,8,-9,-7,
760,8,0.8,0,0,creg3c,0,-122.37582483270805,,6,15,-5,1,8,-9,-7,
761,8,0.8,0,0,creg3a,5,-132.5235932303632,,6,15,5,1,8,-9,-7,
762,8,0.8,0,0,creg1a,-2,-483.042832804127,,-2,15,5,1,8,-9,-7,
763,8,0.8,0,0,creg4c,-5,-477.56678716569496,,-2,15,5,1,8,-9,-5,
764,8,0.8,0,0,creg3c,4,-478.5600775539299,,-2,15,5,4,8,-9,-5,
765,8,0.8,0,0,creg4c,10,-336.0634697193923,,-2,15,5,4,8,-9,10,
766,8,0.8,0,0,creg4b,3,-218.45316520296007,,-2,15,5,4,8,3,10,
767,8,0.8,0,0,creg3c,2,-208.4519444082196,,-2,15,5,2,8,3,10,
768,8,0.8,0,0,creg4a,16,-207.0893336598472,,-2,15,5,2,16,3,10,
769,8,0.8,0,0,creg4b,-16,-347.5089184400656,,-2,15,5,2,16,-16,10,
770,8,0.8,0,0,creg3c,-8,-358.364434171424,,-2,15,5,-8,16,-16,10,
771,8,0.8,0,0,creg3c,8,-344.50618036613986,,-2,15,5,8,16,-16,10,
772,8,0.8,0,0,creg2a,7,-320.3104599694393,,-2,7,5,8,16,-16,10,
773,8,0.8,0,0,creg4c,14,-312.45248970283046,,-2,7,5,8,16,-16,14,
774,8,0.8,0,0,creg2a,-14,-344.9417236712263,,-2,-14,5,8,16,-16,14,
775,8,0.8,0,0,creg4b,1,-207.4644152573606,,-2,-14,5,8,16,1,14,
776,8,0.8,0,0,creg3a,-4,-215.27774375241597,,-2,-14,-4,8,16,1,14,
777,8,0.8,0,0,creg2a,12,-224.9054420447308,,-2,12,-4,8,16,1,14,
778,8,0.8,0,0,creg4b,-9,-327.64118872907704,,-2,12,-4,8,16,-9,14,
779,8,0.8,0,0,creg3a,-7,-320.552686247131,,-2,12,-7,8,16,-9,14,
780,8,0.8,0,0,creg1a,-13,-884.477437658066,,-13,12,-7,8,16,-9,14,
781,8,0.8,0,0,creg3c,10,-875.5234627823683,,-13,12,-7,10,16,-9,14,
782,8,0.8,0,0,creg2a,0,-873.5235019559852,,-13,12,-7,10,16,-9,14,
783,8,0.8,0,0,creg4a,8,-1034.4798144428632,,-13,12,-7,10,8,-9,14,
784,8,0.8,0,0,creg4a,-16,-1040.6434673341191,,-13,12,-7,10,-16,-9,14,
785,8,0.8,0,0,creg3a,-13,-1022.5148362353256,,-13,12,-13,10,-16,-9,14,
786,8,0.8,0,0,creg3c,-3,-1029.2403154876934,,-13,12,-13,-3,-16,-9,14,
787,8,0.8,0,0,creg3a,-16,-1019.1768382143699,,-13,12,-16,-3,-16,-9,14,
788,8,0.8,0,0,creg4c,7,-1165.6599378472831,,-13,12,-16,-3,-16,-9,7,
789,8,0.8,0,0,creg1a,1,-410.5845843288213,,1,12,-16,-3,-16,-9,7,
790,8,0.8,0,0,creg2a,-10,-418.11078784159116,,1,-10,-16,-3,-16,-9,7,
791,8,0.8,0,0,creg3a,-8,-404.3192230569821,,1,-10,-8,-3,-16,-9,7,
792,8,0.8,0,0,creg4c,4,-399.12181184556516,,1,-10,-8,-3,-16,-9,4,
793,8,0.8,0,0,creg4a,-6,-410.52280904811073,,1,-10,-8,-3,-6,-9,4,
794,8,0.8,0,0,creg2a,-12,-402.474794152262,,1,-12,-8,-3,-6,-9,4,
795,8,0.8,0,0,creg4c,12,-540.9589394945313,,1,-12,-8,-3,-6,-9,12,
796,8,0.8,0,0,creg2a,-2,-527.1915408408265,,1,-2,-8,-3,-6,-9,12,
797,8,0.8,0,0,creg3c,-12,-546.042677093778,,1,-2,-8,-12,-6,-9,12,
798,8,0.8,0,0,creg4a,-11,-547.837087405476,,1,-2,-8,-12,-11,-9,12,
799,8,0.8,0,0,creg1a,-8,-1046.7377420107605,,-8,-2,-8,-12,-11,-9,12,
800,8,0.8,0,0,creg3a,-11,-1040.6683571332692,,-8,-2,-11,-12,-11,-9,12,
801,8,0.8,0,0,creg3a,14,-1047.1882399129413,,-8,-2,14,-12,-11,-9,12,
802,8,0.8,0,0,creg4a,-9,-1024.9882707066135,,-8,-2,14,-12,-9,-9,12,
803,8,0.8,0,0,creg1a,3,-560.071708864293,,3,-2,14,-12,-9,-9,12,
804,8,0.8,0,0,creg4c,8,-408.25035247073174,,3,-2,14,-12,-9,-9,8,
805,8,0.8,0,0,creg1a,16,-904.1088268840678,,16,-2,14,-12,-9,-9,8,
806,8,0.8,0,0,creg3c,2,-925.2045036455071,,16,-2,14,2,-9,-9,8,
807,8,0.8,0,0,creg3a,3,-921.8726489175174,,16,-2,3,2,-9,-9,8,
808,8,0.8,0,0,creg4b,0,-910.872435283196,,16,-2,3,2,-9,-9,8,
809,8,0.8,0,0,creg4c,9,-911.195459155779,,16,-2,3,2,-9,-9,9,
810,8,0.8,0,0,creg1a,14,-832.1544940305372,,14,-2,3,2,-9,-9,9,
811,8,0.8,0,0,creg4c,-9,-688.963939053261,,14,-2,3,2,-9,-9,-9,
812,8,0.8,0,0,creg4b,-3,-797.4013444713273,,14,-2,3,2,-9,-3,-9,
813,8,0.8,0,0,creg4c,8,-967.205200265446,,14,-2,3,2,-9,-3,8,
814,8,0.8,0,0,creg3c,-13,-945.1500180131447,,14,-2,3,-13,-9,-3,8,
815,8,0.8,0,0,creg4c,10,-924.7589123021266,,14,-2,3,-13,-9,-3,10,
816,8,0.8,0,0,creg3c,14,-974.0433436012473,,14,-2,3,14,-9,-3,10,
817,8,0.8,0,0,creg4a,5,-1127.876494555489,,14,-2,3,14,5,-3,10,
818,8,0.8,0,0,creg3a,10,-1121.0824343678871,,14,-2,10,14,5,-3,10,
819,8,0.8,0,0,creg4c,8,-1115.4534189963517,,14,-2,10,14,5,-3,8,
820,8,0.8,0,0,creg3a,-3,-1110.1125643887945,,14,-2,-3,14,5,-3,8,
821,8,0.8,0,0,creg4b,-8,-977.7283918910448,,14,-2,-3,14,5,-8,8,
822,8,0.8,0,0,creg4b,3,-1109.5469367289609,,14,-2,-3,14,5,3,8,
823,8,0.8,0,0,creg4b,-16,-1011.5189628989433,,14,-2,-3,14,5,-16,8,
824,8,0.8,0,0,creg4c,3,-976.0037852802573,,14,-2,-3,14,5,-16,3,
825,8,0.8,0,0,creg4a,10,-978.3413783383066,,14,-2,-3,14,10,-16,3,
826,8,0.8,0,0,creg4b,2,-1101.3231510409087,,14,-2,-3,14,10,2,3,
827,8,0.8,0,0,creg4a,1,-1064.011700120083,,14,-2,-3,14,1,2,3,
828,8,0.8,0,0,creg3a,-7,-1058.956265799972,,14,-2,-7,14,1,2,3,
829,8,0.8,0,0,creg4b,2,-1054.956329516364,,14,-2,-7,14,1,2,3,
830,8,0.8,0,0,creg4a,-12,-934.9048850173948,,14,-2,-7,14,-12,2,3,
831,8,0.8,0,0,creg4a,-14,-971.7153459120403,,14,-2,-7,14,-14,2,3,
832,8,0.8,0,0,creg4c,8,-972.0944131739948,,14,-2,-7,14,-14,2,8,
833,8,0.8,0,0,creg3c,-13,-973.8106825813744,,14,-2,-7,-13,-14,2,8,
834,8,0.8,0,0,creg1a,-1,-293.2155333724851,,-1,-2,-7,-13,-14,2,8,
835,8,0.8,0,0,creg4c,15,-430.02218942090167,,-1,-2,-7,-13,-14,2,15,
836,8,0.8,0,0,creg4b,9,-430.3491970473221,,-1,-2,-7,-13,-14,9,15,
837,8,0.8,0,0,creg4b,6,-426.19602454723224,,-1,-2,-7,-13,-14,6,15,
838,8,0.8,0,0,creg4b,-15,-565.167003190013,,-1,-2,-7,-13,-14,-15,15,
839,8,0.8,0,0,creg4c,8,-406.4772051011525,,-1,-2,-7,-13,-14,-15,8,
840,8,0.8,0,0,creg2a,11,-412.7471495960134,,-1,11,-7,-13,-14,-15,8,
841,8,0.8,0,0,creg1a,1,-418.1662624376925,,1,11,-7,-13,-14,-15,8,
842,8,0.8,0,0,creg4a,16,-454.0928998661832,,1,11,-7,-13,16,-15,8,
843,8,0.8,0,0,creg3c,12,-449.27810210369427,,1,11,-7,12,16,-15,8,
844,8,0.8,0,0,creg3a,9,-424.56175065211403,,1,11,9,12,16,-15,8,
845,8,0.8,0,0,creg4a,13,-270.566339043398,,1,11,9,12,13,-15,8,
846,8,0.8,0,0,creg4a,-9,-424.77751059867603,,1,11,9,12,-9,-15,8,
847,8,0.8,0,0,creg4b,12,-421.0225465377132,,1,11,9,12,-9,12,8,
848,8,0.8,0,0,creg4a,-5,-399.83349485422457,,1,11,9,12,-5,12,8,
849,8,0.8,0,0,creg3a,13,-399.8914292367293,,1,11,13,12,-5,12,8,
850,8,0.8,0,0,creg2a,-9,-427.4284445558145,,1,-9,13,12,-5,12,8,
851,8,0.8,0,0,creg4b,-15,-431.24834026453823,,1,-9,13,12,-5,-15,8,
852,8,0.8,0,0,creg4b,8,-305.7447307413193,,1,-9,13,12,-5,8,8,
853,8,0.8,0,0,creg4c,-16,-463.3090062623857,,1,-9,13,12,-5,8,-16,
854,8,0.8,0,0,creg4c,1,-303.4854717519719,,1,-9,13,12,-5,8,1,
855,8,0.8,0,0,creg1a,-3,-450.04692836806817,,-3,-9,13,12,-5,8,1,
856,8,0.8,0,0,creg4c,-3,-593.1556272386164,,-3,-9,13,12,-5,8,-3,
857,8,0.8,0,0,creg1a,14,-795.9484496704183,,14,-9,13,12,-5,8,-3,
858,8,0.8,0,0,creg2a,1,-801.1978946373507,,14,1,13,12,-5,8,-3,
859,8,0.8,0,0,creg4c,5,-952.9985608206066,,14,1,13,12,-5,8,5,
860,8,0.8,0,0,creg3c,7,-949.9082108512249,,14,1,13,7,-5,8,5,
861,8,0.8,0,0,creg4b,-13,-850.5712754531506,,14,1,13,7,-5,-13,5,
862,8,0.8,0,0,creg4a,3,-995.1249551781025,,14,1,13,7,3,-13,5,
863,8,0.8,0,0,creg2a,-13,-984.8067747384647,,14,-13,13,7,3,-13,5,
864,8,0.8,0,0,creg4b,3,-1104.7585913956264,,14,-13,13,7,3,3,5,
865,8,0.8,0,0,creg4c,2,-1090.9022016758684,,14,-13,13,7,3,3,2,
866,8,0.8,0,0,creg4c,14,-1111.5913577213896,,14,-13,13,7,3,3,14,
867,8,0.8,0,0,creg4c,-10,-962.5612655681111,,14,-13,13,7,3,3,-10,
868,8,0.8,0,0,creg1a,11,-532.4266102939575,,11,-13,13,7,3,3,-10,
869,8,0.8,0,0,creg4b,-8,-427.1689720834037,,11,-13,13,7,3,-8,-10,
870,8,0.8,0,0,creg4a,-4,-394.615019474073,,11,-13,13,7,-4,-8,-10,
871,8,0.8,0,0,creg3c,4,-390.5622537799152,,11,-13,13,4,-4,-8,-10,
872,8,0.8,0,0,creg4a,14,-559.0927164231074,,11,-13,13,4,14,-8,-10,
873,8,0.8,0,0,creg1a,9,-370.70260739176183,,9,-13,13,4,14,-8,-10,
874,8,0.8,0,0,creg3c,-13,-389.68232851376695,,9,-13,13,-13,14,-8,-10,
875,8,0.8,0,0,creg3a,3,-362.4054683017436,,9,-13,3,-13,14,-8,-10,
876,8,0.8,0,0,creg1a,11,-522.7438726070242,,11,-13,3,-13,14,-8,-10,
877,8,0.8,0,0,creg2a,-16,-539.6678388621979,,11,-16,3,-13,14,-8,-10,
878,8,0.8,0,0,creg2a,14,-567.4579239888827,,11,14,3,-13,14,-8,-10,
879,8,0.8,0,0,creg1a,-4,-692.9878128292486,,-4,14,3,-13,14,-8,-10,
880,8,0.8,0,0,creg4c,2,-568.9590914925324,,-4,14,3,-13,14,-8,2,
881,8,0.8,0,0,creg4b,-11,-567.3405857414514,,-4,14,3,-13,14,-11,2,
882,8,0.8,0,0,creg4b,0,-564.3404080597101,,-4,14,3,-13,14,-11,2,
883,8,0.8,0,0,creg3c,-6,-571.4828202292531,,-4,14,3,-6,14,-11,2,
884,8,0.8,0,0,creg4c,-13,-691.786587275926,,-4,14,3,-6,14,-11,-13,
885,8,0.8,0,0,creg4a,8,-682.096209760866,,-4,14,3,-6,8,-11,-13,
886,8,0.8,0,0,creg1a,8,-409.4231380323507,,8,14,3,-6,8,-11,-13,
887,8,0.8,0,0,creg3a,-1,-401.3656055276223,,8,14,-1,-6,8,-11,-13,
888,8,0.8,0,0,creg2a,10,-401.2471736740822,,8,10,-1,-6,8,-11,-13,
889,8,0.8,0,0,creg3c,-11,-402.2493290815221,,8,10,-1,-11,8,-11,-13,
890,8,0.8,0,0,creg4a,-7,-262.7594339910552,,8,10,-1,-11,-7,-11,-13,
891,8,0.8,0,0,creg4b,11,-412.64903001041057,,8,10,-1,-11,-7,11,-13,
892,8,0.8,0,0,creg4b,-16,-397.94250680268294,,8,10,-1,-11,-7,-16,-13,
893,8,0.8,0,0,creg1a,9,-423.0302379083478,,9,10,-1,-11,-7,-16,-13,
894,8,0.8,0,0,creg1a,-4,-841.8967521921804,,-4,10,-1,-11,-7,-16,-13,
895,8,0.8,0,0,creg4b,-13,-832.5413234604638,,-4,10,-1,-11,-7,-13,-13,
896,8,0.8,0,0,creg3c,-5,-835.655939812182,,-4,10,-1,-5,-7,-13,-13,
897,8,0.8,0,0,creg3a,14,-832.8981772875968,,-4,10,14,-5,-7,-13,-13,
898,8,0.8,0,0,creg3a,0,-817.8981873166061,,-4,10,14,-5,-7,-13,-13,
899,8,0.8,0,0,creg3c,9,-816.0019884952105,,-4,10,14,9,-7,-13,-13,
900,8,0.8,0,0,creg2a,-15,-842.4428456728966,,-4,-15,14,9,-7,-13,-13,
901,8,0.8,0,0,creg2a,-16,-817.4205914565835,,-4,-16,14,9,-7,-13,-13,
902,8,0.8,0,0,creg4b,10,-712.0072206169916,,-4,-16,14,9,-7,10,-13,
903,8,0.8,0,0,creg3c,3,-695.0082320001235,,-4,-16,14,3,-7,10,-13,
904,8,0.8,0,0,creg2a,10,-699.5954251548555,,-4,10,14,3,-7,10,-13,
905,8,0.8,0,0,creg2a,2,-681.4263577546312,,-4,2,14,3,-7,10,-13,
906,8,0.8,0,0,creg4c,6,-552.3814906928935,,-4,2,14,3,-7,10,6,
907,8,0.8,0,0,creg4c,-2,-688.2729991628194,,-4,2,14,3,-7,10,-2,
908,8,0.8,0,0,creg4c,-9,-681.4106276639618,,-4,2,14,3,-7,10,-9,
909,8,0.8,0,0,creg4b,7,-677.2292136356135,,-4,2,14,3,-7,7,-9,
910,8,0.8,0,0,creg4b,2,-682.8864030035515,,-4,2,14,3,-7,2,-9,
911,8,0.8,0,0,creg3a,-10,-717.4108749057551,,-4,2,-10,3,-7,2,-9,
912,8,0.8,0,0,creg3c,0,-693.4108043181737,,-4,2,-10,3,-7,2,-9,
913,8,0.8,0,0,creg4a,5,-582.7274621185799,,-4,2,-10,3,5,2,-9,
914,8,0.8,0,0,creg3a,-6,-574.8379905088939,,-4,2,-6,3,5,2,-9,
915,8,0.8,0,0,creg3a,-1,-575.9821026700249,,-4,2,-1,3,5,2,-9,
916,8,0.8,0,0,creg1a,2,-240.81582956741968,,2,2,-1,3,5,2,-9,
917,8,0.8,0,0,creg3c,9,-240.80969564201268,,2,2,-1,9,5,2,-9,
918,8,0.8,0,0,creg4c,2,-102.97916013191475,,2,2,-1,9,5,2,2,
919,8,0.8,0,0,creg4a,-1,-97.60155811630217,,2,2,-1,9,-1,2,2,
920,8,0.8,0,0,creg1a,2,-91.60352963245168,,2,2,-1,9,-1,2,2,
921,8,0.8,0,0,creg3c,8,-91.60329881105139,,2,2,-1,8,-1,2,2,
922,8,0.8,0,0,creg2a,-1,-94.53346068907634,,2,-1,-1,8,-1,2,2,
923,8,0.8,0,0,creg4a,-16,-256.4500908158948,,2,-1,-1,8,-16,2,2,
924,8,0.8,0,0,creg4b,12,-376.55814655711293,,2,-1,-1,8,-16,12,2,
925,8,0.8,0,0,creg3c,11,-389.5714185484988,,2,-1,-1,11,-16,12,2,
926,8,0.8,0,0,creg2a,4,-391.67851555062134,,2,4,-1,11,-16,12,2,
927,8,0.8,0,0,creg4c,10,-475.2023693354562,,2,4,-1,11,-16,12,10,
928,8,0.8,0,0,creg3c,-16,-493.99202549934535,,2,4,-1,-16,-16,12,10,
929,8,0.8,0,0,creg3c,-3,-460.1928322238607,,2,4,-1,-3,-16,12,10,
930,8,0.8,0,0,creg2a,-8,-474.9344844837135,,2,-8,-1,-3,-16,12,10,
931,8,0.8,0,0,creg3a,-1,-462.93523768371665,,2,-8,-1,-3,-16,12,10,
932,8,0.8,0,0,creg4a,0,-462.9352389242173,,2,-8,-1,-3,-16,12,10,
933,8,0.8,0,0,creg4c,10,-462.93523892805985,,2,-8,-1,-3,-16,12,10,
934,8,0.8,0,0,creg1a,9,-568.9985281118304,,9,-8,-1,-3,-16,12,10,
935,8,0.8,0,0,creg2a,13,-599.5123983099409,,9,13,-1,-3,-16,12,10,
936,8,0.8,0,0,creg3a,-2,-578.4980711946004,,9,13,-2,-3,-16,12,10,
937,8,0.8,0,0,creg4c,10,-578.4985140316501,,9,13,-2,-3,-16,12,10,
938,8,0.8,0,0,creg1a,-10,-917.3135932822438,,-10,13,-2,-3,-16,12,10,
939,8,0.8,0,0,creg2a,-11,-937.8332997685293,,-10,-11,-2,-3,-16,12,10,
940,8,0.8,0,0,creg4a,5,-943.3890781457328,,-10,-11,-2,-3,5,12,10,
941,8,0.8,0,0,creg3c,11,-916.5961078792166,,-10,-11,-2,11,5,12,10,
942,8,0.8,0,0,creg2a,-8,-905.6616998550993,,-10,-8,-2,11,5,12,10,
943,8,0.8,0,0,creg4b,0,-902.6616635011146,,-10,-8,-2,11,5,12,10,
944,8,0.8,0,0,creg4b,-11,-1045.837831931164,,-10,-8,-2,11,5,-11,10,
945,8,0.8,0,0,creg3c,8,-1025.8375232621352,,-10,-8,-2,8,5,-11,10,
946,8,0.8,0,0,creg3c,3,-1047.7464114925117,,-10,-8,-2,3,5,-11,10,
947,8,0.8,0,0,creg2a,15,-1050.256160195704,,-10,15,-2,3,5,-11,10,
948,8,0.8,0,0,creg3a,1,-1030.3343266032005,,-10,15,1,3,5,-11,10,
949,8,0.8,0,0,creg3c,-15,-1044.9706627377375,,-10,15,1,-15,5,-11,10,
950,8,0.8,0,0,creg1a,-16,-1170.1610008836929,,-16,15,1,-15,5,-11,10,
951,8,0.8,0,0,creg4c,-10,-1179.044477091094,,-16,15,1,-15,5,-11,-10,
952,8,0.8,0,0,creg4a,-14,-1170.50273593233,,-16,15,1,-15,-14,-11,-10,
953,8,0.8,0,0,creg4c,0,-1151.502695245041,,-16,15,1,-15,-14,-11,-10,
954,8,0.8,0,0,creg4c,-13,-1153.8457921796585,,-16,15,1,-15,-14,-11,-13,
955,8,0.8,0,0,creg3c,-11,-1154.906867879125,,-16,15,1,-11,-14,-11,-13,
956,8,0.8,0,0,creg4b,3,-1167.9797773544046,,-16,15,1,-11,-14,3,-13,
957,8,0.8,0,0,creg1a,12,-755.6779733264594,,12,15,1,-11,-14,3,-13,
958,8,0.8,0,0,creg2a,9,-733.4955193051386,,12,9,1,-11,-14,3,-13,
959,8,0.8,0,0,creg3a,-8,-736.3667826672355,,12,9,-8,-11,-14,3,-13,
960,8,0.8,0,0,creg4b,-1,-726.5073279006385,,12,9,-8,-11,-14,-1,-13,
961,8,0.8,0,0,creg4b,5,-737.8200253931217,,12,9,-8,-11,-14,5,-13,
962,8,0.8,0,0,creg4b,5,-731.8197852007526,,12,9,-8,-11,-14,5,-13,
963,8,0.8,0,0,creg3a,-9,-731.8050561521491,,12,9,-9,-11,-14,5,-13,
964,8,0.8,0,0,creg2a,-7,-731.3885919300449,,12,-7,-9,-11,-14,5,-13,
965,8,0.8,0,0,creg3a,0,-715.3890770770303,,12,-7,-9,-11,-14,5,-13,
966,8,0.8,0,0,creg4a,10,-728.8552066360585,,12,-7,-9,-11,10,5,-13,
967,8,0.8,0,0,creg4b,2,-699.1672998540557,,12,-7,-9,-11,10,2,-13,
968,8,0.8,0,0,creg1a,4,-285.4615934683609,,4,-7,-9,-11,10,2,-13,
969,8,0.8,0,0,creg3a,-15,-283.28538894384644,,4,-7,-15,-11,10,2,-13,
970,8,0.8,0,0,creg1a,-8,-1019.84630387131,,-8,-7,-15,-11,10,2,-13,
971,8,0.8,0,0,creg1a,16,-1022.6985628972499,,16,-7,-15,-11,10,2,-13,
972,8,0.8,0,0,creg1a,-7,-871.3896729220544,,-7,-7,-15,-11,10,2,-13,
973,8,0.8,0,0,creg2a,-10,-851.3195795368557,,-7,-10,-15,-11,10,2,-13,
974,8,0.8,0,0,creg3c,8,-847.5804272710524,,-7,-10,-15,8,10,2,-13,
975,8,0.8,0,0,creg2a,-8,-830.6300343178492,,-7,-8,-15,8,10,2,-13,
976,8,0.8,0,0,creg2a,15,-832.1929620145056,,-7,15,-15,8,10,2,-13,
977,8,0.8,0,0,creg1a,10,-812.8418833309786,,10,15,-15,8,10,2,-13,
978,8,0.8,0,0,creg1a,14,-941.924596906017,,14,15,-15,8,10,2,-13,
979,8,0.8,0,0,creg4b,-2,-937.0285983994246,,14,15,-15,8,10,-2,-13,
980,8,0.8,0,0,creg2a,-2,-949.5141770877838,,14,-2,-15,8,10,-2,-13,
981,8,0.8,0,0,creg4b,-8,-817.765868069988,,14,-2,-15,8,10,-8,-13,
982,8,0.8,0,0,creg4c,8,-995.8486523158958,,14,-2,-15,8,10,-8,8,
983,8,0.8,0,0,creg4c,-16,-919.6388854371573,,14,-2,-15,8,10,-8,-16,
984,8,0.8,0,0,creg4a,-13,-705.3788537435503,,14,-2,-15,8,-13,-8,-16,
985,8,0.8,0,0,creg4c,-12,-666.5012711017549,,14,-2,-15,8,-13,-8,-12,
986,8,0.8,0,0,creg3c,11,-665.5573663680655,,14,-2,-15,11,-13,-8,-12,
987,8,0.8,0,0,creg4c,10,-836.139379056887,,14,-2,-15,11,-13,-8,10,
988,8,0.8,0,0,creg4c,14,-819.4482626036065,,14,-2,-15,11,-13,-8,14,
989,8,0.8,0,0,creg3c,-7,-813.2123800077023,,14,-2,-15,-7,-13,-8,14,
990,8,0.8,0,0,creg3c,13,-835.4875103679049,,14,-2,-15,13,-13,-8,14,
991,8,0.8,0,0,creg3c,12,-815.4678832114264,,14,-2,-15,12,-13,-8,14,
992,8,0.8,0,0,creg3c,3,-824.2960281155508,,14,-2,-15,3,-13,-8,14,
993,8,0.8,0,0,creg1a,10,-577.7389211012454,,10,-2,-15,3,-13,-8,14,
994,8,0.8,0,0,creg3c,1,-555.7243786146304,,10,-2,-15,1,-13,-8,14,
995,8,0.8,0,0,creg3a,-5,-547.9038200274192,,10,-2,-5,1,-13,-8,14,
996,8,0.8,0,0,creg4b,-13,-534.7684872292466,,10,-2,-5,1,-13,-13,14,
997,8,0.8,0,0,creg3a,-11,-535.688373625578,,10,-2,-11,1,-13,-13,14,
998,8,0.8,0,0,creg4b,6,-694.4074364434435,,10,-2,-11,1,-13,6,14,
999,8,0.8,0,0,creg4c,-16,-740.7050463590044,,10,-2,-11,1,-13,6,-16,
1000,8,0.8,0,0,creg2a,6,-738.9114326612802,,10,6,-11,1,-13,6,-16,
